invoice_id,date,entry_channel,clerk_code,vendor_group,entry_minutes,corrected,days_to_pay
INV100001,2026-01-05,Email-PDF,C09,Services,16.4,No,28
INV100002,2026-01-05,Paper-scan,C04,Services,6.6,No,35
INV100003,2026-01-05,Portal,C04,Raw materials,7.9,No,30
INV100004,2026-01-05,EDI,C08,Raw materials,2.5,No,37
INV100005,2026-01-05,Email-PDF,C02,Raw materials,6.8,Yes,37
INV100006,2026-01-05,Email-PDF,C08,Raw materials,9.5,Yes,28
INV100007,2026-01-05,EDI,C09,MRO,4.5,No,32
INV100008,2026-01-05,Email-PDF,C03,Utilities,17.5,No,23
INV100009,2026-01-05,Paper-scan,C09,Services,12.7,No,41
INV100010,2026-01-05,Portal,C06,Services,9.3,No,40
INV100011,2026-01-05,EDI,C04,Raw materials,2.1,No,28
INV100012,2026-01-05,EDI,C05,Raw materials,2.4,No,33
INV100013,2026-01-06,Portal,C08,MRO,6.1,No,30
INV100014,2026-01-06,Email-PDF,C06,MRO,11.7,No,27
INV100015,2026-01-06,EDI,C04,MRO,2.0,No,29
INV100016,2026-01-06,Portal,C08,MRO,7.3,No,23
INV100017,2026-01-06,Portal,C10,Services,6.9,No,37
INV100018,2026-01-06,Portal,C11,MRO,4.9,No,27
INV100019,2026-01-06,Portal,C12,Services,10.2,No,39
INV100020,2026-01-06,Email-PDF,C03,Freight,7.7,No,18
INV100021,2026-01-06,EDI,C09,Freight,3.9,No,38
INV100022,2026-01-06,Portal,C01,Services,11.0,No,32
INV100023,2026-01-06,Email-PDF,C10,MRO,7.8,No,36
INV100024,2026-01-06,Email-PDF,C12,Raw materials,6.3,No,26
INV100025,2026-01-06,Portal,C06,MRO,5.4,No,30
INV100026,2026-01-07,Paper-scan,C11,MRO,6.9,Yes,32
INV100027,2026-01-07,Email-PDF,C08,Raw materials,5.0,no,26
INV100028,2026-01-07,Email-PDF,C12,Freight,14.5,No,19
INV100029,2026-01-07,EDI,C08,Raw materials,2.1,No,26
INV100030,2026-01-07,Email-PDF,C06,MRO,6.7,No,20
INV100031,2026-01-07,Portal,C09,MRO,3.9,No,26
INV100032,2026-01-07,EDI,C05,MRO,1.9,No,34
INV100033,2026-01-07,EDI,C06,Raw materials,1.2,No,24
INV100034,2026-01-07,Email-PDF,C05,MRO,12.3,No,30
INV100035,2026-01-07,Paper-scan,C02,Raw materials,9.8,No,24
INV100036,2026-01-07,Portal,C09,Services,11.0,No,38
INV100037,2026-01-07,Email-PDF,C01,Freight,11.8,No,15
INV100038,2026-01-07,Paper-scan,C02,Raw materials,10.0,No,32
INV100039,2026-01-08,Portal,C02,Services,5.1,No,37
INV100040,2026-01-08,EDI,C03,Raw materials,2.7,No,28
INV100041,2026-01-08,Portal,C11,Raw materials,5.0,No,29
INV100042,2026-01-08,Email-PDF,C03,Services,13.5,No,39
INV100043,2026-01-08,EDI,C03,Raw materials,1.6,No,19
INV100044,2026-01-08,Email-PDF,C01,Services,7.1,No,42
INV100045,2026-01-08,Email-PDF,C08,MRO,7.5,No,31
INV100046,2026-01-08,Paper-scan,C01,Raw materials,9.9,No,25
INV100047,2026-01-08,Portal,C05,Utilities,3.2,No,22
INV100048,2026-01-08,Portal,C06,Raw materials,3.1,No,20
INV100049,2026-01-08,Email-PDF,C01,MRO,7.1,No,28
INV100050,2026-01-08,Portal,C09,Utilities,5.8,No,38
INV100051,2026-01-08,Paper-scan,C08,Services,8.6,No,46
INV100052,2026-01-08,EDI,C07,Raw materials,1.5,No,33
INV100053,2026-01-08,EDI,C09,MRO,1.7,No,33
INV100054,2026-01-08,Email-PDF,C06,Raw materials,8.4,Yes,40
INV100055,2026-01-09,Email-PDF,C06,Utilities,9.1,No,23
INV100056,2026-01-09,EDI,C07,Services,6.1,No,43
INV100057,2026-01-09,Paper-scan,C09,MRO,17.9,No,25
INV100058,2026-01-09,Email-PDF,C01,MRO,5.5,No,31
INV100059,2026-01-09,EDI,C02,Freight,2.1,No,24
INV100060,2026-01-09,EDI,C11,Services,3.8,Yes,43
INV100061,2026-01-09,EDI,C05,Services,3.0,No,31
INV100062,2026-01-09,Paper-scan,C05,MRO,9.9,No,30
INV100063,2026-01-09,Paper-scan,C03,Services,11.8,Yes,56
INV100064,2026-01-09,Email-PDF,C08,MRO,8.8,No,25
INV100065,2026-01-09,EDI,C12,Freight,3.6,No,28
INV100066,2026-01-09,Email-PDF,C07,MRO,6.1,No,34
INV100067,2026-01-09,Portal,C04,Freight,7.8,No,27
INV100068,2026-01-09,Portal,C02,Services,7.2,No,43
INV100069,2026-01-09,Email-PDF,C12,MRO,9.8,No,29
INV100070,2026-01-09,EDI,C06,MRO,1.6,No,32
INV100071,2026-01-09,Paper-scan,C10,Raw materials,8.4,No,24
INV100072,2026-01-09,EDI,C10,Raw materials,1.9,No,27
INV100073,2026-01-09,Paper-scan,C04,MRO,9.6,No,27
INV100074,2026-01-09,Email-PDF,C10,MRO,7.3,No,37
INV100075,2026-01-12,Paper-scan,C06,Raw materials,6.6,No,25
INV100076,2026-01-12,Paper-scan,C03,MRO,10.2,No,32
INV100077,2026-01-12,EDI,C09,Freight,4.0,No,25
INV100078,2026-01-12,Portal,C03,Services,5.5,Yes,41
INV100079,2026-01-12,Paper-scan,C12,MRO,10.6,No,23
INV100080,2026-01-12,EDI,C10,Raw materials,3.2,No,29
INV100081,2026-01-12,Portal,C03,MRO,4.1,No,29
INV100082,2026-01-12,Email-PDF,C11,Raw materials,6.7,No,17
INV100083,2026-01-12,EDI,C06,Services,4.2,No,30
INV100084,2026-01-12,Portal,C08,MRO,5.5,No,27
INV100085,2026-01-12,Portal,C11,MRO,4.6,No,23
INV100086,2026-01-12,Paper-scan,C02,Utilities,8.5,No,27
INV100087,2026-01-12,Portal,C08,Freight,9.4,No,23
INV100088,2026-01-12,Portal,C07,Raw materials,6.3,No,29
INV100089,2026-01-12,Paper-scan,C05,Raw materials,8.2,No,27
INV100090,2026-01-12,EDI,C04,MRO,2.4,No,26
INV100091,2026-01-12,EDI,C09,MRO,2.0,No,27
INV100092,2026-01-12,Email-PDF,C07,Services,12.1,No,47
INV100093,2026-01-12,Portal,C04,MRO,3.1,No,26
INV100094,2026-01-12,Portal,C11,Services,5.0,No,44
INV100095,2026-01-12,Email-PDF,C07,MRO,7.4,No,35
INV100096,2026-01-12,EDI,C02,MRO,2.0,No,31
INV100097,2026-01-13,Email-PDF,C05,Raw materials,11.5,No,33
INV100098,2026-01-13,Portal,C04,Freight,3.5,No,33
INV100099,2026-01-13,Portal,C07,Raw materials,4.7,No,40
INV100100,2026-01-13,Portal,C08,Raw materials,5.1,No,30
INV100101,2026-01-13,Portal,C02,Freight,4.6,No,31
INV100102,2026-01-13,Email-PDF,C10,Raw materials,8.2,No,22
INV100103,2026-01-13,Portal,C05,Services,7.6,No,42
INV100104,2026-01-13,EDI,C02,Raw materials,1.5,No,33
INV100105,2026-01-13,Email-PDF,C07,Freight,11.2,No,24
INV100106,2026-01-13,Email-PDF,C04,Utilities,9.9,No,18
INV100107,2026-01-13,Portal,C09,Services,7.7,No,43
INV100108,2026-01-13,Portal,C01,Raw materials,4.5,No,29
INV100109,2026-01-13,Paper-scan,C11,MRO,8.3,No,30
INV100110,2026-01-13,Portal,C07,Raw materials,3.9,No,29
INV100111,2026-01-13,Portal,C11,Raw materials,4.0,No,21
INV100112,2026-01-14,Portal,C06,Services,11.1,No,47
INV100113,2026-01-14,Paper-scan,C10,Services,11.8,No,34
INV100114,2026-01-14,Email-PDF,C10,MRO,4.8,No,35
INV100115,2026-01-14,Email-PDF,C12,Raw materials,8.6,No,32
INV100116,2026-01-14,Portal,C02,Raw materials,5.8,No,32
INV100117,2026-01-14,Email-PDF,C06,Services,5.3,No,42
INV100118,2026-01-14,Email-PDF,C05,MRO,7.4,No,29
INV100119,2026-01-14,Email-PDF,C04,Utilities,6.1,No,11
INV100120,2026-01-14,Email-PDF,C11,Raw materials,5.9,Yes,29
INV100121,2026-01-14,Portal,C01,Services,6.7,No,41
INV100122,2026-01-14,Email-PDF,C04,MRO,5.5,No,27
INV100123,2026-01-14,Email-PDF,C11,Freight,13.5,No,29
INV100124,2026-01-14,Paper-scan,C05,MRO,10.3,No,29
INV100125,2026-01-14,Portal,C09,Raw materials,7.4,No,30
INV100126,2026-01-14,Portal,C08,Raw materials,6.1,No,31
INV100127,2026-01-14,EDI,C09,Raw materials,1.7,No,29
INV100128,2026-01-14,Email-PDF,C08,Services,16.4,No,41
INV100129,2026-01-14,EDI,C10,Utilities,3.0,No,26
INV100130,2026-01-14,Portal,C09,Raw materials,3.6,No,26
INV100131,2026-01-14,EDI,C06,Services,9.2,No,35
INV100132,2026-01-14,Email-PDF,C12,MRO,8.4,No,28
INV100133,2026-01-14,Paper-scan,C08,MRO,8.1,Yes,40
INV100134,2026-01-15,Email-PDF,C06,Utilities,6.5,No,23
INV100135,2026-01-15,EDI,C01,MRO,1.7,No,28
INV100136,2026-01-15,Portal,C07,Utilities,2.4,No,22
INV100137,2026-01-15,Email-PDF,C07,MRO,4.6,No,26
INV100138,2026-01-15,Portal,C12,Services,4.2,Yes,46
INV100139,2026-01-15,Paper-scan,C09,Raw materials,9.3,No,27
INV100140,2026-01-15,Portal,C02,Freight,6.5,No,24
INV100141,2026-01-15,Portal,C12,MRO,5.0,No,21
INV100142,2026-01-15,Paper-scan,C10,Freight,8.8,No,28
INV100143,2026-01-15,Email-PDF,C10,Raw materials,9.5,No,31
INV100144,2026-01-15,Paper-scan,C06,Services,10.0,No,38
INV100145,2026-01-15,EDI,C12,Raw materials,3.0,No,36
INV100146,2026-01-15,Paper-scan,C11,Raw materials,13.1,No,23
INV100147,2026-01-15,EDI,C06,Raw materials,1.5,No,28
INV100148,2026-01-15,Portal,C05,Services,8.1,No,32
INV100149,2026-01-15,Portal,C12,MRO,7.0,Yes,36
INV100150,2026-01-15,Portal,C06,Raw materials,4.1,No,24
INV100151,2026-01-15,Portal,C02,Services,14.6,No,33
INV100152,2026-01-15,Paper-scan,C12,Utilities,7.6,No,28
INV100153,2026-01-15,Email-PDF,C10,Raw materials,7.5,Yes,37
INV100154,2026-01-15,Email-PDF,C07,MRO,5.8,No,22
INV100155,2026-01-16,Email-PDF,C09,Services,19.4,No,33
INV100156,2026-01-16,EDI,C11,MRO,2.8,No,29
INV100157,2026-01-16,Portal,C01,MRO,3.9,No,37
INV100158,2026-01-16,Paper-scan,C07,Raw materials,7.1,No,22
INV100159,2026-01-16,Email-PDF,C03,MRO,7.2,No,24
INV100160,2026-01-16,Portal,C11,MRO,5.1,No,25
INV100161,2026-01-16,Portal,C05,Freight,5.2,No,26
INV100162,2026-01-16,Portal,C08,Raw materials,3.5,No,20
INV100163,2026-01-16,Email-PDF,C08,MRO,5.7,No,40
INV100164,2026-01-16,Portal,C06,Services,10.9,No,34
INV100165,2026-01-16,Email-PDF,C12,Freight,7.8,No,23
INV100166,2026-01-16,Email-PDF,C07,MRO,7.2,Yes,35
INV100167,2026-01-16,Paper-scan,C04,Services,14.5,No,36
INV100168,2026-01-16,Email-PDF,C12,Raw materials,7.2,No,26
INV100169,2026-01-16,Email-PDF,C06,MRO,7.6,Yes,28
INV100170,2026-01-19,Portal,C03,Raw materials,2.9,No,24
INV100171,2026-01-19,Paper-scan,C04,Services,9.1,No,38
INV100172,2026-01-19,Portal,C02,Raw materials,5.7,No,24
INV100173,2026-01-19,EDI,C05,Freight,2.8,No,26
INV100174,2026-01-19,Paper-scan,C06,Services,17.5,No,41
INV100175,2026-01-19,EDI,C02,Raw materials,2.9,No,31
INV100176,2026-01-19,EDI,C01,Services,5.3,No,27
INV100177,2026-01-19,EDI,C09,MRO,2.0,No,31
INV100178,2026-01-19,EDI,C02,MRO,2.0,No,33
INV100179,2026-01-19,Paper-scan,C10,Raw materials,12.8,No,33
INV100180,2026-01-19,Email-PDF,C11,Freight,8.5,No,31
INV100181,2026-01-19,EDI,C12,Raw materials,1.3,No,25
INV100182,2026-01-19,Portal,C09,Services,5.1,No,43
INV100183,2026-01-20,Paper-scan,C10,Raw materials,8.9,No,30
INV100184,2026-01-20,EDI,C12,Freight,3.7,No,16
INV100185,2026-01-20,Portal,C01,Services,12.7,No,37
INV100186,2026-01-20,Portal,C03,Raw materials,4.2,No,29
INV100187,2026-01-20,Portal,C09,Utilities,5.2,No,28
INV100188,2026-01-20,Email-PDF,C08,Raw materials,8.0,No,37
INV100189,2026-01-20,Email-PDF,C06,Raw materials,9.7,No,31
INV100190,2026-01-20,Email-PDF,C06,MRO,6.1,Yes,35
INV100191,2026-01-20,Paper-scan,C10,Raw materials,13.4,No,28
INV100192,2026-01-20,Email-PDF,C08,Freight,10.1,No,27
INV100193,2026-01-20,Portal,C02,Utilities,4.2,No,15
INV100194,2026-01-21,EDI,C06,MRO,1.8,No,33
INV100195,2026-01-21,Paper-scan,C07,MRO,11.9,No,26
INV100196,2026-01-21,EDI,C04,MRO,2.4,No,32
INV100197,2026-01-21,Portal,C10,Raw materials,5.1,No,35
INV100198,2026-01-21,Paper-scan,C08,Raw materials,16.3,No,34
INV100199,2026-01-21,Portal,C09,MRO,4.8,No,29
INV100200,2026-01-21,Paper-scan,C02,Raw materials,7.3,Yes,28
INV100201,2026-01-21,Paper-scan,C12,MRO,9.1,No,21
INV100202,2026-01-21,Paper-scan,C08,Utilities,8.5,No,22
INV100203,2026-01-21,EDI,C02,Freight,3.0,No,22
INV100204,2026-01-21,Portal,C06,Raw materials,5.1,Yes,32
INV100205,2026-01-22,Email-PDF,C02,MRO,9.1,Yes,28
INV100206,2026-01-22,EDI,C06,Services,2.9,No,42
INV100207,2026-01-22,Paper-scan,C12,Raw materials,7.0,No,31
INV100208,2026-01-22,Portal,C12,Services,6.7,No,40
INV100209,2026-01-22,Email-PDF,C08,Utilities,5.6,No,18
INV100210,2026-01-22,Portal,C10,MRO,7.0,No,37
INV100211,2026-01-22,EDI,C12,Raw materials,2.5,No,27
INV100212,2026-01-22,Email-PDF,C01,Services,10.8,Yes,51
INV100213,2026-01-22,Portal,C11,Raw materials,2.3,No,34
INV100214,2026-01-22,Email-PDF,C01,MRO,9.9,Yes,31
INV100215,2026-01-22,Portal,C03,Utilities,4.9,No,22
INV100216,2026-01-22,Portal,C03,MRO,3.7,No,24
INV100217,2026-01-23,EDI,C04,Services,7.9,No,44
INV100218,2026-01-23,EDI,C08,Raw materials,1.3,No,25
INV100219,2026-01-23,Paper-scan,C02,MRO,7.5,No,27
INV100220,2026-01-23,Portal,C02,Raw materials,2.9,No,33
INV100221,2026-01-23,Portal,C12,Raw materials,6.5,No,33
INV100222,2026-01-23,Paper-scan,C04,MRO,9.9,Yes,39
INV100223,2026-01-23,Email-PDF,C04,Services,10.7,No,37
INV100224,2026-01-23,Portal,C09,MRO,7.0,No,32
INV100225,2026-01-23,Email-PDF,C06,Freight,5.7,No,27
INV100226,2026-01-23,Portal,C03,MRO,5.3,No,37
INV100227,2026-01-23,Portal,C03,MRO,3.4,Yes,38
INV100228,2026-01-23,Portal,C03,Freight,5.9,No,32
INV100229,2026-01-23,Email-PDF,C06,MRO,6.8,No,35
INV100230,2026-01-23,Email-PDF,C04,Freight,7.6,Yes,34
INV100231,2026-01-23,Portal,C06,Raw materials,5.4,No,25
INV100232,2026-01-23,Portal,C08,Raw materials,12.2,Yes,33
INV100233,2026-01-23,Email-PDF,C12,MRO,13.1,Yes,44
INV100234,2026-01-23,EDI,C07,MRO,2.0,No,26
INV100235,2026-01-23,EDI,C02,MRO,1.4,No,32
INV100236,2026-01-23,Portal,C08,Raw materials,3.7,No,27
INV100237,2026-01-26,Email-PDF,C10,MRO,5.2,No,29
INV100238,2026-01-26,Email-PDF,C02,MRO,10.8,No,29
INV100239,2026-01-26,Email-PDF,C08,MRO,7.5,No,32
INV100240,2026-01-26,Email-PDF,C03,Raw materials,17.0,No,29
INV100241,2026-01-26,Email-PDF,C06,Services,12.1,No,38
INV100242,2026-01-26,Email-PDF,C02,Freight,4.7,No,32
INV100243,2026-01-26,Email-PDF,C09,Raw materials,6.6,No,24
INV100244,2026-01-26,EDI,C05,Services,6.7,No,34
INV100245,2026-01-26,Paper-scan,C01,MRO,8.0,No,26
INV100246,2026-01-26,Portal,C06,Services,9.1,No,35
INV100247,2026-01-26,Portal,C12,Services,7.4,No,38
INV100248,2026-01-26,Paper-scan,C08,Freight,7.7,No,29
INV100249,2026-01-26,Portal,C12,Raw materials,5.1,No,37
INV100250,2026-01-26,Email-PDF,C01,Freight,8.4,No,13
INV100251,2026-01-26,Portal,C02,Freight,4.2,No,21
INV100252,2026-01-26,Portal,C05,Freight,6.9,No,29
INV100253,2026-01-27,Portal,C01,Raw materials,4.7,Yes,24
INV100254,2026-01-27,Portal,C07,Freight,10.1,No,30
INV100255,2026-01-27,EDI,C10,MRO,2.3,No,33
INV100256,2026-01-27,Email-PDF,C07,Services,12.0,No,37
INV100257,2026-01-27,Portal,C07,Raw materials,5.9,No,33
INV100258,2026-01-27,Portal,C10,Raw materials,11.9,No,33
INV100259,2026-01-27,EDI,C09,Raw materials,2.5,No,27
INV100260,2026-01-27,Paper-scan,C08,Raw materials,6.8,No,29
INV100261,2026-01-27,Portal,C11,Utilities,6.7,No,20
INV100262,2026-01-27,Email-PDF,C02,MRO,14.9,No,32
INV100263,2026-01-27,Portal,C12,Freight,3.6,No,36
INV100264,2026-01-27,Portal,C03,Utilities,5.0,No,27
INV100265,2026-01-27,Portal,C01,Raw materials,5.2,No,26
INV100266,2026-01-27,Email-PDF,C08,Services,10.1,No,32
INV100267,2026-01-27,EDI,C04,MRO,2.0,No,27
INV100268,2026-01-27,Email-PDF,C08,Raw materials,10.1,No,30
INV100269,2026-01-27,Paper-scan,C08,Freight,9.3,No,24
INV100270,2026-01-27,Portal,C09,Freight,3.5,No,30
INV100271,2026-01-28,Paper-scan,C04,Freight,9.4,No,26
INV100272,2026-01-28,Email-PDF,C02,Services,9.2,No,37
INV100273,2026-01-28,Email-PDF,C05,Utilities,10.1,No,25
INV100274,2026-01-28,Email-PDF,C02,MRO,4.4,No,29
INV100275,2026-01-28,EDI,C06,Freight,2.5,No,14
INV100276,2026-01-28,Paper-scan,C06,Utilities,6.9,No,13
INV100277,2026-01-28,Email-PDF,C04,Freight,8.1,No,21
INV100278,2026-01-28,Paper-scan,C07,Utilities,9.3,Yes,18
INV100279,2026-01-28,Email-PDF,C01,Freight,8.7,No,28
INV100280,2026-01-28,Portal,C09,Raw materials,4.0,No,26
INV100281,2026-01-29,Email-PDF,C02,Utilities,6.8,No,20
INV100282,2026-01-29,Email-PDF,C10,Services,9.4,No,46
INV100283,2026-01-29,Portal,C11,Utilities,4.1,No,21
INV100284,2026-01-29,Paper-scan,C12,Services,17.0,No,33
INV100285,2026-01-29,Portal,C04,Freight,5.1,No,30
INV100286,2026-01-29,Portal,C07,MRO,7.4,No,25
INV100287,2026-01-29,Portal,C05,Raw materials,4.5,No,29
INV100288,2026-01-29,Email-PDF,C11,MRO,6.6,No,25
INV100289,2026-01-29,Email-PDF,C04,Utilities,5.6,Yes,28
INV100290,2026-01-30,Email-PDF,C08,Raw materials,10.4,Yes,38
INV100291,2026-01-30,EDI,C01,MRO,2.3,No,32
INV100292,2026-01-30,EDI,C10,Freight,4.9,No,22
INV100293,2026-01-30,EDI,C05,Freight,2.7,No,33
INV100294,2026-01-30,EDI,C08,Raw materials,1.6,No,33
INV100295,2026-01-30,EDI,C02,Utilities,1.9,No,23
INV100296,2026-01-30,Portal,C05,Raw materials,7.0,No,34
INV100297,2026-01-30,Paper-scan,C04,MRO,5.3,No,26
INV100298,2026-01-30,Portal,C01,MRO,4.4,No,31
INV100299,2026-01-30,Email-PDF,C01,Services,11.3,No,31
INV100300,2026-01-30,Paper-scan,C07,Utilities,11.0,No,12
INV100301,2026-01-30,Email-PDF,C05,Raw materials,8.6,Yes,41
INV100302,2026-01-30,Paper-scan,C11,MRO,13.0,No,30
INV100303,2026-01-30,Portal,C10,Raw materials,3.9,No,34
INV100304,2026-01-30,Portal,C04,Raw materials,5.7,No,32
INV100305,2026-01-30,Email-PDF,C08,Raw materials,9.9,No,31
INV100306,2026-01-30,EDI,C01,Raw materials,1.2,No,32
INV100307,2026-01-30,EDI,C09,Raw materials,1.5,No,30
INV100308,2026-01-30,Email-PDF,C12,Freight,5.1,No,28
INV100309,2026-02-02,Paper-scan,C03,Raw materials,5.7,No,32
INV100310,2026-02-02,Portal,C11,Raw materials,5.9,No,31
INV100311,2026-02-02,Email-PDF,C01,Raw materials,8.7,No,25
INV100312,2026-02-02,Portal,C05,Utilities,6.2,No,17
INV100313,2026-02-02,Email-PDF,C06,Services,16.8,No,38
INV100314,2026-02-02,Email-PDF,C05,Utilities,11.1,No,16
INV100315,2026-02-02,Email-PDF,C07,Raw materials,8.0,No,28
INV100316,2026-02-02,EDI,C04,Services,2.9,No,35
INV100317,2026-02-02,Email-PDF,C11,Raw materials,5.3,No,34
INV100318,2026-02-02,Paper-scan,C01,Raw materials,7.9,No,28
INV100319,2026-02-02,Paper-scan,C05,Raw materials,8.6,No,29
INV100320,2026-02-02,Paper-scan,C09,MRO,13.3,No,32
INV100321,2026-02-03,Portal,C06,Utilities,4.1,No,26
INV100322,2026-02-03,Portal,C11,Raw materials,4.5,No,26
INV100323,2026-02-03,Portal,C11,Raw materials,5.5,No,30
INV100324,2026-02-03,Email-PDF,C10,Freight,10.1,No,31
INV100325,2026-02-03,EDI,C10,Raw materials,3.0,No,30
INV100326,2026-02-03,Email-PDF,C12,Freight,7.5,No,26
INV100327,2026-02-03,Paper-scan,C07,Services,16.0,No,35
INV100328,2026-02-03,Paper-scan,C07,Raw materials,7.2,No,35
INV100329,2026-02-03,Paper-scan,C10,MRO,10.0,No,33
INV100330,2026-02-03,Portal,C01,Utilities,5.6,No,17
INV100331,2026-02-03,EDI,C01,Freight,2.9,No,25
INV100332,2026-02-03,EDI,C04,Services,3.8,No,40
INV100333,2026-02-03,Email-PDF,C02,Utilities,4.7,No,24
INV100334,2026-02-04,Paper-scan,C07,Raw materials,9.7,No,29
INV100335,2026-02-04,Paper-scan,C04,MRO,8.4,No,34
INV100336,2026-02-04,Email-PDF,C02,Raw materials,5.1,No,28
INV100337,2026-02-04,Paper-scan,C07,MRO,9.1,No,33
INV100338,2026-02-04,Portal,C02,Services,8.8,No,39
INV100339,2026-02-04,Portal,C02,Utilities,5.2,No,19
INV100340,2026-02-04,Email-PDF,C08,MRO,9.6,No,40
INV100341,2026-02-04,Email-PDF,C08,MRO,6.3,No,31
INV100342,2026-02-05,EDI,C12,Utilities,2.7,No,16
INV100343,2026-02-05,EDI,C03,Raw materials,0.9,No,24
INV100344,2026-02-05,Portal,C08,Services,7.9,No,33
INV100345,2026-02-05,Paper-scan,C04,MRO,7.1,No,30
INV100346,2026-02-05,Portal,C01,Raw materials,7.0,No,24
INV100347,2026-02-05,Email-PDF,C04,MRO,7.6,No,31
INV100348,2026-02-05,Portal,C02,MRO,6.4,No,29
INV100349,2026-02-05,Portal,C03,Services,9.2,No,43
INV100350,2026-02-05,Portal,C12,Freight,6.9,No,31
INV100351,2026-02-05,Portal,C12,Raw materials,4.9,No,28
INV100352,2026-02-05,EDI,C01,Services,,No,39
INV100353,2026-02-06,EDI,C12,Freight,4.3,No,13
INV100354,2026-02-06,Portal,C01,MRO,5.9,No,34
INV100355,2026-02-06,EDI,C09,Raw materials,1.9,No,26
INV100356,2026-02-06,EDI,C04,Raw materials,1.6,No,32
INV100357,2026-02-06,Portal,C03,Raw materials,3.8,No,27
INV100358,2026-02-06,Paper-scan,C09,Raw materials,6.9,No,26
INV100359,2026-02-06,Portal,C07,Raw materials,4.5,No,22
INV100360,2026-02-06,Email-PDF,C08,MRO,5.1,No,38
INV100361,2026-02-06,Email-PDF,C10,Raw materials,7.5,No,24
INV100362,2026-02-06,EDI,C05,Utilities,2.7,No,17
INV100363,2026-02-06,Portal,C08,Raw materials,6.4,No,28
INV100364,2026-02-06,Email-PDF,C03,Utilities,6.2,No,25
INV100365,2026-02-06,Paper-scan,C12,Utilities,6.6,No,18
INV100366,2026-02-06,Portal,C09,Raw materials,4.4,No,28
INV100367,2026-02-06,Paper-scan,C12,MRO,6.6,No,25
INV100368,2026-02-06,Email-PDF,C03,MRO,9.9,No,29
INV100369,2026-02-06,Portal,C01,MRO,4.9,No,22
INV100370,2026-02-06,Portal,C01,MRO,3.8,No,27
INV100371,2026-02-06,Email-PDF,C05,MRO,4.6,No,26
INV100372,2026-02-09,Email-PDF,C05,Raw materials,3.5,Yes,23
INV100373,2026-02-09,Paper-scan,C11,Services,11.9,No,36
INV100374,2026-02-09,EDI,C12,Raw materials,1.6,No,28
INV100375,2026-02-09,Portal,C02,MRO,6.2,No,30
INV100376,2026-02-09,EDI,C02,Raw materials,2.3,No,22
INV100377,2026-02-09,Email-PDF,C08,Raw materials,10.3,No,23
INV100378,2026-02-09,Portal,C10,MRO,5.8,No,37
INV100379,2026-02-09,Email-PDF,C09,Raw materials,5.4,No,21
INV100380,2026-02-09,Email-PDF,C09,Raw materials,9.8,Yes,39
INV100381,2026-02-09,EDI,C03,Raw materials,1.5,No,28
INV100382,2026-02-09,Portal,C10,MRO,3.5,No,29
INV100383,2026-02-09,Portal,C05,MRO,6.1,No,29
INV100384,2026-02-09,Portal,C10,Raw materials,5.1,No,32
INV100385,2026-02-09,Email-PDF,C07,Raw materials,12.9,Yes,36
INV100386,2026-02-09,Paper-scan,C10,Raw materials,5.3,Yes,31
INV100387,2026-02-09,EDI,C09,Raw materials,1.3,No,31
INV100388,2026-02-09,Email-PDF,C12,Services,7.5,No,35
INV100389,2026-02-09,Email-PDF,C09,Raw materials,10.7,Yes,30
INV100390,2026-02-09,Paper-scan,C06,Utilities,7.0,No,24
INV100391,2026-02-09,Email-PDF,C03,Raw materials,7.1,No,32
INV100392,2026-02-10,Email-PDF,C05,MRO,4.0,No,29
INV100393,2026-02-10,EDI,C06,Services,5.6,No,36
INV100394,2026-02-10,Email-PDF,C07,MRO,6.8,Yes,35
INV100395,2026-02-10,Email-PDF,C06,Raw materials,7.6,No,32
INV100396,2026-02-10,Portal,C10,Raw materials,8.6,No,30
INV100397,2026-02-10,Portal,C10,Freight,4.0,No,27
INV100398,2026-02-10,Email-PDF,C08,Services,10.4,No,32
INV100399,2026-02-10,Paper-scan,C08,Freight,8.7,No,21
INV100400,2026-02-10,EDI,C02,Raw materials,2.4,No,28
INV100401,2026-02-10,Portal,C03,Raw materials,6.4,No,31
INV100402,2026-02-10,Portal,C08,Freight,6.3,No,27
INV100403,2026-02-10,EDI,C08,MRO,3.0,No,23
INV100404,2026-02-10,Email-PDF,C05,Raw materials,9.2,No,29
INV100405,2026-02-10,Paper-scan,C11,Utilities,8.2,No,27
INV100406,2026-02-10,Portal,C08,Freight,9.2,No,24
INV100407,2026-02-10,EDI,C10,MRO,2.0,No,28
INV100408,2026-02-10,EDI,C07,MRO,2.3,No,33
INV100409,2026-02-10,Portal,C09,MRO,4.0,No,25
INV100410,2026-02-10,Email-PDF,C04,MRO,8.3,NO,27
INV100411,2026-02-10,EDI,C09,Services,5.5,No,38
INV100412,2026-02-11,Portal,C05,Raw materials,6.8,No,31
INV100413,2026-02-11,EDI,C03,Raw materials,3.0,No,35
INV100414,2026-02-11,Email-PDF,C09,Raw materials,5.1,Yes,34
INV100415,2026-02-11,Email-PDF,C03,MRO,7.1,No,36
INV100416,2026-02-11,Portal,C10,MRO,5.0,No,29
INV100417,2026-02-11,Email-PDF,C02,Freight,10.4,No,27
INV100418,2026-02-11,Portal,C08,Raw materials,7.9,No,27
INV100419,2026-02-11,Portal,C08,Raw materials,3.8,No,21
INV100420,2026-02-11,EDI,C09,Services,7.3,No,40
INV100421,2026-02-11,EDI,C08,Services,6.0,No,37
INV100422,2026-02-11,Paper-scan,C01,Raw materials,9.6,No,26
INV100423,2026-02-12,EDI,C09,Freight,2.2,No,21
INV100424,2026-02-12,Portal,C02,MRO,3.5,No,30
INV100425,2026-02-12,Email-PDF,C07,MRO,7.9,Yes,41
INV100426,2026-02-12,EDI,C12,Utilities,3.1,No,22
INV100427,2026-02-12,Portal,C11,Services,10.8,Yes,51
INV100428,2026-02-12,Paper-scan,C01,Services,20.7,No,36
INV100429,2026-02-12,Portal,C07,Utilities,4.4,No,19
INV100430,2026-02-12,Portal,C07,Services,13.2,No,26
INV100431,2026-02-12,EDI,C01,Services,8.1,No,36
INV100432,2026-02-12,Portal,C01,Raw materials,4.6,No,26
INV100433,2026-02-12,EDI,C05,Utilities,1.2,No,-12
INV100434,2026-02-12,Portal,C03,Services,5.5,No,39
INV100435,2026-02-12,Portal,C05,Raw materials,5.2,No,28
INV100436,2026-02-12,Paper-scan,C07,Raw materials,8.4,No,33
INV100437,2026-02-12,Email-PDF,C09,Raw materials,10.2,No,29
INV100438,2026-02-12,EDI,C06,Services,4.0,No,41
INV100439,2026-02-12,Email-PDF,C01,Services,13.4,No,33
INV100440,2026-02-12,Email-PDF,C05,MRO,7.6,No,31
INV100441,2026-02-12,EDI,C08,Raw materials,2.5,No,23
INV100442,2026-02-12,Portal,C05,Freight,5.5,No,18
INV100443,2026-02-13,Portal,C05,Freight,5.3,No,26
INV100444,2026-02-13,Email-PDF,C04,MRO,6.7,No,19
INV100445,2026-02-13,Email-PDF,C01,Raw materials,8.7,No,21
INV100446,2026-02-13,Portal,C01,MRO,5.1,No,34
INV100447,2026-02-13,Paper-scan,C09,Utilities,4.9,No,25
INV100448,2026-02-13,Portal,C03,MRO,4.7,No,28
INV100449,2026-02-13,Email-PDF,C04,MRO,4.7,No,32
INV100450,2026-02-13,Portal,C10,Freight,6.4,No,25
INV100451,2026-02-13,Email-PDF,C11,Raw materials,9.5,No,34
INV100452,2026-02-13,Email-PDF,C12,Raw materials,4.9,Yes,29
INV100453,2026-02-13,EDI,C02,Raw materials,2.3,No,32
INV100454,2026-02-13,Portal,C12,Freight,5.0,No,33
INV100455,2026-02-13,Portal,C10,Freight,5.2,No,20
INV100456,2026-02-13,Portal,C02,Services,9.2,No,44
INV100457,2026-02-13,Email-PDF,C09,Freight,7.4,Yes,32
INV100458,2026-02-13,EDI,C08,Freight,4.1,No,30
INV100459,2026-02-13,Portal,C07,MRO,9.5,No,28
INV100460,2026-02-13,Email-PDF,C01,Utilities,12.7,No,20
INV100461,2026-02-13,EDI,C05,MRO,3.3,No,26
INV100462,2026-02-13,Portal,C04,Raw materials,3.4,No,30
INV100463,2026-02-16,Portal,C01,MRO,8.0,No,37
INV100464,2026-02-16,Email-PDF,C07,MRO,9.3,No,39
INV100465,2026-02-16,EDI,C05,Raw materials,1.4,No,29
INV100466,2026-02-16,Paper-scan,C03,Freight,8.3,No,25
INV100467,2026-02-16,Portal,C04,MRO,6.0,No,30
INV100468,2026-02-16,EDI,C01,Raw materials,2.2,No,29
INV100469,2026-02-16,Portal,C08,Freight,9.9,No,28
INV100470,2026-02-16,Portal,C12,Services,5.7,No,41
INV100471,2026-02-16,EDI,C03,Raw materials,2.8,No,22
INV100472,2026-02-16,Paper-scan,C02,Raw materials,11.8,No,20
INV100473,2026-02-16,Email-PDF,C09,Freight,18.9,Yes,34
INV100474,2026-02-17,Portal,C05,Services,9.1,No,33
INV100475,2026-02-17,Email-PDF,C03,Services,13.6,No,37
INV100476,2026-02-17,EDI,C09,Freight,2.3,No,19
INV100477,2026-02-17,EDI,C06,Services,3.5,No,41
INV100478,2026-02-17,Portal,C01,MRO,5.8,No,39
INV100479,2026-02-17,Portal,C04,Utilities,4.0,No,22
INV100480,2026-02-17,Paper-scan,C10,Services,13.1,No,36
INV100481,2026-02-17,Email-PDF,C02,Raw materials,5.5,No,27
INV100482,2026-02-17,Paper-scan,C10,MRO,9.1,No,28
INV100483,2026-02-17,Portal,C09,Raw materials,9.1,No,21
INV100484,2026-02-17,Email-PDF,C11,Services,7.5,No,34
INV100485,2026-02-17,Email-PDF,C06,Utilities,7.3,No,18
INV100486,2026-02-17,Email-PDF,C07,Raw materials,7.2,No,23
INV100487,2026-02-18,EDI,C06,Utilities,2.2,No,21
INV100488,2026-02-18,EDI,C03,MRO,1.6,No,28
INV100489,2026-02-18,Portal,C07,Services,7.0,No,42
INV100490,2026-02-18,Portal,C08,Raw materials,5.3,No,28
INV100491,2026-02-18,Email-PDF,C06,Raw materials,4.8,Yes,28
INV100492,2026-02-18,Portal,C09,Services,6.6,No,30
INV100493,2026-02-18,Portal,C05,Services,7.0,No,40
INV100494,2026-02-18,Portal,C08,Raw materials,5.6,No,36
INV100495,2026-02-18,Portal,C10,MRO,5.6,No,34
INV100496,2026-02-18,Email-PDF,C05,Raw materials,7.3,No,27
INV100497,2026-02-18,EDI,C07,Raw materials,2.9,No,28
INV100498,2026-02-18,EDI,C10,Freight,2.1,No,24
INV100499,2026-02-18,Email-PDF,C02,MRO,5.8,No,27
INV100500,2026-02-18,Paper-scan,C11,Freight,22.7,No,36
INV100501,2026-02-18,Email-PDF,C05,MRO,5.8,No,28
INV100502,2026-02-18,Email-PDF,C09,Utilities,6.4,No,18
INV100503,2026-02-18,EDI,C02,Services,5.1,No,39
INV100504,2026-02-19,Portal,C10,Raw materials,5.5,No,22
INV100505,2026-02-19,Paper-scan,C01,Freight,6.4,No,28
INV100506,2026-02-19,EDI,C11,Utilities,1.8,No,26
INV100507,2026-02-19,Email-PDF,C02,Utilities,5.6,No,19
INV100508,2026-02-19,Email-PDF,C09,Services,13.3,No,36
INV100509,2026-02-19,EDI,C12,MRO,3.5,Yes,33
INV100510,2026-02-19,Portal,C12,Raw materials,3.4,No,30
INV100511,2026-02-19,EDI,C04,Utilities,1.9,No,17
INV100512,2026-02-19,Paper-scan,C04,MRO,13.4,No,32
INV100513,2026-02-19,Paper-scan,C09,Raw materials,5.5,No,31
INV100514,2026-02-19,Email-PDF,C06,Raw materials,5.9,No,32
INV100515,2026-02-19,Email-PDF,C02,Raw materials,8.5,No,22
INV100516,2026-02-19,Paper-scan,C06,Raw materials,9.7,No,33
INV100517,2026-02-19,Email-PDF,C10,Utilities,6.7,No,14
INV100518,2026-02-19,Email-PDF,C06,Raw materials,6.1,Yes,37
INV100519,2026-02-19,EDI,C06,Raw materials,2.2,No,32
INV100520,2026-02-19,EDI,C11,Raw materials,1.0,No,28
INV100521,2026-02-19,Paper-scan,C07,MRO,10.2,No,33
INV100522,2026-02-19,Email-PDF,C05,Services,10.5,No,33
INV100523,2026-02-20,Portal,C05,MRO,3.5,No,32
INV100524,2026-02-20,Portal,C02,Services,11.2,No,41
INV100525,2026-02-20,Paper-scan,C05,Raw materials,7.8,No,36
INV100526,2026-02-20,Email-PDF,C05,Services,5.4,No,39
INV100527,2026-02-20,Portal,C01,Raw materials,3.3,No,24
INV100528,2026-02-20,EDI,C07,Raw materials,1.3,No,28
INV100529,2026-02-20,Portal,C10,Raw materials,3.2,No,32
INV100530,2026-02-20,Paper-scan,C08,Raw materials,9.7,No,20
INV100531,2026-02-23,Paper-scan,C05,Raw materials,7.6,No,21
INV100532,2026-02-23,Email-PDF,C10,Raw materials,7.7,No,20
INV100533,2026-02-23,EDI,C07,Freight,1.7,No,27
INV100534,2026-02-23,Paper-scan,C08,Raw materials,13.3,No,31
INV100535,2026-02-23,EDI,C10,Freight,2.5,No,22
INV100536,2026-02-23,Paper-scan,C02,Services,13.4,No,34
INV100537,2026-02-23,EDI,C09,Services,5.1,No,28
INV100538,2026-02-23,EDI,C05,Raw materials,2.9,No,31
INV100539,2026-02-23,Email-PDF,C02,MRO,6.7,No,29
INV100540,2026-02-23,Email-PDF,C12,Services,14.0,No,44
INV100541,2026-02-23,EDI,C08,Raw materials,1.4,No,24
INV100542,2026-02-23,Email-PDF,C02,MRO,10.6,Yes,33
INV100543,2026-02-23,EDI,C10,Raw materials,1.1,No,37
INV100544,2026-02-24,EDI,C12,Freight,3.1,No,22
INV100545,2026-02-24,Email-PDF,C02,Raw materials,6.4,No,29
INV100546,2026-02-24,Paper-scan,C10,MRO,12.1,No,28
INV100547,2026-02-24,EDI,C10,Raw materials,2.1,No,24
INV100548,2026-02-24,Portal,C04,Raw materials,5.3,No,35
INV100549,2026-02-24,Email-PDF,C03,Freight,6.0,No,26
INV100550,2026-02-24,Email-PDF,C03,MRO,7.7,No,29
INV100551,2026-02-24,Portal,C10,Utilities,5.2,No,21
INV100552,2026-02-24,Paper-scan,C05,Utilities,6.4,No,26
INV100553,2026-02-24,Portal,C02,Raw materials,5.8,No,29
INV100554,2026-02-24,Email-PDF,C01,Raw materials,6.8,No,37
INV100555,2026-02-24,Paper-scan,C05,MRO,9.0,No,31
INV100556,2026-02-24,Email-PDF,C04,MRO,10.6,No,36
INV100557,2026-02-24,Email-PDF,C10,MRO,7.4,No,27
INV100558,2026-02-25,Portal,C09,Raw materials,4.7,No,21
INV100559,2026-02-25,Email-PDF,C12,MRO,7.9,No,30
INV100560,2026-02-25,Portal,C10,Raw materials,7.1,No,30
INV100561,2026-02-25,Paper-scan,C10,Raw materials,12.0,No,27
INV100562,2026-02-25,Email-PDF,C05,Raw materials,4.9,Yes,37
INV100563,2026-02-25,Paper-scan,C10,MRO,11.1,No,28
INV100564,2026-02-25,Portal,C03,Services,10.8,No,30
INV100565,2026-02-25,Portal,C11,MRO,5.5,No,22
INV100566,2026-02-25,EDI,C06,Services,11.4,No,36
INV100567,2026-02-25,Portal,C09,Raw materials,6.3,No,30
INV100568,2026-02-25,Email-PDF,C02,Freight,10.0,No,31
INV100569,2026-02-25,Portal,C02,MRO,6.1,No,25
INV100570,2026-02-25,Email-PDF,C07,Raw materials,6.5,No,33
INV100571,2026-02-25,Email-PDF,C08,Utilities,12.2,No,23
INV100572,2026-02-26,Portal,C02,Services,7.0,No,37
INV100573,2026-02-26,Portal,C09,Raw materials,6.2,No,33
INV100574,2026-02-26,Email-PDF,C05,Raw materials,6.7,No,33
INV100575,2026-02-26,EDI,C02,Services,4.5,No,37
INV100576,2026-02-26,Paper-scan,C09,Services,13.5,No,34
INV100577,2026-02-26,Email-PDF,C02,Services,13.3,No,32
INV100578,2026-02-26,Email-PDF,C07,Raw materials,6.1,No,22
INV100579,2026-02-26,Portal,C07,MRO,8.3,No,23
INV100580,2026-02-26,EDI,C04,Services,5.2,No,44
INV100581,2026-02-26,Email-PDF,C01,Services,13.2,No,34
INV100582,2026-02-26,Email-PDF,C05,Freight,9.4,No,27
INV100583,2026-02-26,Email-PDF,C12,Raw materials,9.9,No,30
INV100584,2026-02-27,Email-PDF,C10,Raw materials,9.4,No,29
INV100585,2026-02-27,Portal,C12,Raw materials,7.1,No,47
INV100586,2026-02-27,Email-PDF,C03,MRO,9.0,No,30
INV100587,2026-02-27,Paper-scan,C01,Raw materials,9.1,No,26
INV100588,2026-02-27,EDI,C02,MRO,1.9,No,30
INV100589,2026-02-27,Paper-scan,C04,Raw materials,14.9,No,33
INV100590,2026-02-27,Portal,C06,Raw materials,5.3,No,31
INV100591,2026-02-27,Portal,C02,Raw materials,3.4,No,30
INV100592,2026-02-27,Email-PDF,C12,Services,10.4,No,34
INV100593,2026-02-27,Portal,C08,Freight,6.5,No,25
INV100594,2026-02-27,Paper-scan,C07,Raw materials,12.7,No,37
INV100595,2026-02-27,Portal,C06,Utilities,6.7,No,20
INV100596,2026-02-27,Email-PDF,C08,MRO,8.6,No,34
INV100597,2026-02-27,Portal,C02,Services,6.4,No,31
INV100598,2026-02-27,Email-PDF,C09,Raw materials,10.3,No,42
INV100599,2026-02-27,Paper-scan,C07,Raw materials,8.5,No,18
INV100600,2026-02-27,Email-PDF,C04,Raw materials,5.2,No,31
INV100601,2026-02-27,EDI,C12,Services,3.9,No,38
INV100602,2026-02-27,Email-PDF,C08,Raw materials,4.2,No,26
INV100603,2026-02-27,EDI,C08,Services,5.1,No,37
INV100604,2026-02-27,EDI,C10,Raw materials,1.5,No,22
INV100605,2026-02-27,EDI,C12,MRO,1.1,No,38
INV100606,2026-03-02,Paper-scan,C03,MRO,12.1,No,33
INV100607,2026-03-02,Email-PDF,C08,Freight,7.1,No,27
INV100608,2026-03-02,Email-PDF,C12,MRO,8.6,No,21
INV100609,2026-03-02,EDI,C03,Freight,4.4,No,29
INV100610,2026-03-02,Email-PDF,C12,Utilities,8.7,No,25
INV100611,2026-03-02,EDI,C09,Freight,1.8,No,21
INV100612,2026-03-02,Portal,C03,Raw materials,4.1,No,34
INV100613,2026-03-02,Portal,C12,Raw materials,4.9,No,29
INV100614,2026-03-02,Email-PDF,C11,Raw materials,11.1,No,29
INV100615,2026-03-02,Email-PDF,C02,Utilities,7.8,No,19
INV100616,2026-03-02,Portal,C06,Services,3.7,No,40
INV100617,2026-03-02,Email-PDF,C03,Raw materials,9.4,No,36
INV100618,2026-03-02,Email-PDF,C07,Raw materials,6.6,No,17
INV100619,2026-03-02,Portal,C07,Raw materials,6.4,No,19
INV100620,2026-03-03,EDI,C08,Freight,3.4,No,22
INV100621,2026-03-03,Portal,C10,Utilities,6.1,No,23
INV100622,2026-03-03,Portal,C09,Raw materials,5.5,No,32
INV100623,2026-03-03,Email-PDF,C10,Services,11.2,No,35
INV100624,2026-03-03,EDI,C12,MRO,1.5,Yes,34
INV100625,2026-03-03,Email-PDF,C10,Services,10.0,Yes,38
INV100626,2026-03-03,Portal,C09,Raw materials,7.8,No,34
INV100627,2026-03-03,Portal,C06,MRO,4.4,No,27
INV100628,2026-03-03,Paper-scan,C12,MRO,11.6,No,38
INV100629,2026-03-03,Portal,C06,MRO,4.4,No,29
INV100630,2026-03-03,EDI,C04,Raw materials,1.7,No,32
INV100631,2026-03-03,Portal,C05,MRO,4.6,No,32
INV100632,2026-03-03,Email-PDF,C03,MRO,9.9,No,31
INV100633,2026-03-03,Portal,C01,MRO,7.6,No,29
INV100634,2026-03-03,Email-PDF,C01,Freight,12.8,No,25
INV100635,2026-03-03,Portal,C06,Raw materials,4.6,No,29
INV100636,2026-03-03,EDI,C05,Services,4.8,Yes,42
INV100637,2026-03-03,Paper-scan,C10,Freight,11.6,No,25
INV100638,2026-03-03,Email-PDF,C05,MRO,6.7,No,28
INV100639,2026-03-03,Email-PDF,C06,Raw materials,8.4,Yes,32
INV100640,2026-03-04,Email-PDF,C02,Services,13.9,No,36
INV100641,2026-03-04,Portal,C11,Raw materials,7.3,No,28
INV100642,2026-03-04,Portal,C09,Freight,7.5,No,31
INV100643,2026-03-04,Paper-scan,C02,Raw materials,7.4,No,22
INV100644,2026-03-04,Email-PDF,C11,Services,6.2,No,35
INV100645,2026-03-04,Portal,C10,Services,4.7,No,32
INV100646,2026-03-04,Portal,C10,MRO,3.1,No,28
INV100647,2026-03-04,Portal,C06,Raw materials,8.2,No,34
INV100648,2026-03-04,Paper-scan,C02,MRO,8.5,No,29
INV100649,2026-03-04,Portal,C12,MRO,6.8,No,30
INV100650,2026-03-04,EDI,C11,Freight,2.1,No,26
INV100651,2026-03-04,Paper-scan,C12,Freight,9.1,No,20
INV100652,2026-03-04,Paper-scan,C07,Raw materials,9.0,No,36
INV100653,2026-03-04,Portal,C08,Freight,8.5,No,25
INV100654,2026-03-05,Email-PDF,C08,MRO,6.2,No,26
INV100655,2026-03-05,Email-PDF,C12,Services,10.0,No,39
INV100656,2026-03-05,EDI,C04,MRO,3.0,No,24
INV100657,2026-03-05,EDI,C03,Services,3.4,No,36
INV100658,2026-03-05,Email-PDF,C06,Raw materials,5.5,No,31
INV100659,2026-03-05,Portal,C09,Utilities,7.7,No,19
INV100660,2026-03-05,Email-PDF,C08,Services,8.6,No,42
INV100661,2026-03-05,Portal,C04,Services,8.2,No,39
INV100662,2026-03-05,Email-PDF,C05,Freight,6.5,No,32
INV100663,2026-03-05,EDI,C01,MRO,2.0,No,30
INV100664,2026-03-05,Email-PDF,C02,Raw materials,5.9,No,23
INV100665,2026-03-05,Portal,C08,Freight,4.6,No,36
INV100666,2026-03-05,Portal,C05,MRO,3.9,No,21
INV100667,2026-03-05,EDI,C09,MRO,2.3,No,36
INV100668,2026-03-05,Paper-scan,C06,Raw materials,8.6,No,32
INV100669,2026-03-05,EDI,C03,Services,4.8,No,40
INV100670,2026-03-05,Portal,C01,Raw materials,5.0,No,34
INV100671,2026-03-05,EDI,C12,Freight,3.0,No,23
INV100672,2026-03-06,Email-PDF,C10,Raw materials,9.2,No,28
INV100673,2026-03-06,Email-PDF,C10,Raw materials,10.5,No,25
INV100674,2026-03-06,Portal,C06,MRO,5.7,No,36
INV100675,2026-03-06,Paper-scan,C08,MRO,11.6,No,22
INV100676,2026-03-06,Paper-scan,C12,MRO,11.6,No,36
INV100677,2026-03-06,Portal,C01,MRO,6.1,No,27
INV100678,2026-03-06,Paper-scan,C04,Services,10.8,Yes,44
INV100679,2026-03-06,Email-PDF,C09,Freight,14.6,No,27
INV100680,2026-03-06,Portal,C01,Utilities,3.9,No,17
INV100681,2026-03-06,Paper-scan,C11,Raw materials,9.0,No,31
INV100682,2026-03-06,Email-PDF,C05,Services,9.9,No,49
INV100683,2026-03-06,Portal,C06,Raw materials,3.4,No,22
INV100684,2026-03-06,Portal,C04,MRO,4.5,No,28
INV100685,2026-03-06,EDI,C01,Services,4.8,No,44
INV100686,2026-03-06,Paper-scan,C09,Raw materials,11.8,No,29
INV100687,2026-03-06,EDI,C11,MRO,1.1,No,33
INV100688,2026-03-06,Email-PDF,C11,Utilities,5.7,No,21
INV100689,2026-03-06,Email-PDF,C09,Raw materials,11.1,Yes,43
INV100690,2026-03-09,EDI,C02,Services,5.9,No,34
INV100691,2026-03-09,Email-PDF,C03,MRO,6.6,No,31
INV100692,2026-03-09,Paper-scan,C12,Freight,6.6,No,22
INV100693,2026-03-09,Email-PDF,C09,Raw materials,17.9,Yes,34
INV100694,2026-03-09,Paper-scan,C08,Raw materials,8.2,Yes,36
INV100695,2026-03-09,Portal,C03,Services,8.7,No,39
INV100696,2026-03-09,Email-PDF,C02,Raw materials,8.3,No,20
INV100697,2026-03-09,Portal,C06,Raw materials,6.1,No,31
INV100698,2026-03-09,Paper-scan,C04,Raw materials,10.2,No,38
INV100699,2026-03-09,Email-PDF,C11,Raw materials,6.8,No,25
INV100700,2026-03-09,Paper-scan,C04,Raw materials,8.3,No,11
INV100701,2026-03-09,Paper-scan,C10,Freight,9.8,No,11
INV100702,2026-03-09,EDI,C09,MRO,2.7,No,33
INV100703,2026-03-09,Email-PDF,C11,Raw materials,7.9,No,31
INV100704,2026-03-09,Email-PDF,C02,Raw materials,17.6,No,35
INV100705,2026-03-09,Email-PDF,C05,Raw materials,8.1,No,35
INV100706,2026-03-10,EDI,C03,Freight,2.1,No,25
INV100707,2026-03-10,Paper-scan,C04,MRO,10.6,No,31
INV100708,2026-03-10,Paper-scan,C07,Services,11.3,Yes,41
INV100709,2026-03-10,Email-PDF,C05,Services,10.9,No,35
INV100710,2026-03-10,EDI,C06,MRO,2.1,No,27
INV100711,2026-03-10,Portal,C06,Raw materials,2.3,No,25
INV100712,2026-03-10,Paper-scan,C02,MRO,5.2,No,33
INV100713,2026-03-10,Email-PDF,C09,MRO,7.1,No,25
INV100714,2026-03-11,Paper-scan,C10,Raw materials,8.5,No,29
INV100715,2026-03-11,Email-PDF,C10,MRO,9.7,No,34
INV100716,2026-03-11,Portal,C05,MRO,3.3,No,29
INV100717,2026-03-11,Paper-scan,C06,Raw materials,11.9,No,26
INV100718,2026-03-11,Email-PDF,C12,Services,13.6,No,31
INV100719,2026-03-11,Email-PDF,C01,Utilities,7.8,No,13
INV100720,2026-03-11,Portal,C06,MRO,3.4,No,26
INV100721,2026-03-11,Paper-scan,C05,MRO,7.4,No,30
INV100721,2026-03-11,Paper-scan,C05,MRO,7.4,No,30
INV100722,2026-03-11,Portal,C02,Services,16.4,No,33
INV100723,2026-03-11,Portal,C01,Freight,6.7,No,20
INV100724,2026-03-11,Email-PDF,C03,Services,12.8,No,34
INV100725,2026-03-11,Paper-scan,C04,MRO,9.5,No,26
INV100726,2026-03-11,Email-PDF,C03,MRO,10.5,No,32
INV100727,2026-03-11,Email-PDF,C10,Utilities,4.6,No,23
INV100728,2026-03-11,Portal,C01,MRO,5.8,No,37
INV100729,2026-03-11,EDI,C04,MRO,2.7,No,21
INV100730,2026-03-11,Portal,C05,MRO,6.6,No,26
INV100731,2026-03-11,Portal,C12,Services,7.8,No,40
INV100732,2026-03-11,Portal,C07,MRO,5.5,No,27
INV100733,2026-03-11,Paper-scan,C10,MRO,9.8,No,33
INV100734,2026-03-11,Portal,C05,Services,6.1,No,41
INV100735,2026-03-11,EDI,C09,Raw materials,1.6,No,29
INV100736,2026-03-11,Portal,C10,Raw materials,4.7,No,34
INV100737,2026-03-11,Portal,C09,Raw materials,4.5,No,29
INV100738,2026-03-12,EDI,C03,Utilities,2.4,No,24
INV100739,2026-03-12,Portal,C05,MRO,3.9,No,20
INV100740,2026-03-12,Portal,C01,MRO,3.8,No,27
INV100741,2026-03-12,Portal,C06,Utilities,3.2,No,22
INV100742,2026-03-12,Email-PDF,C04,Utilities,5.3,No,19
INV100743,2026-03-12,Portal,C09,MRO,4.6,No,30
INV100744,2026-03-12,Portal,C10,Services,5.8,No,42
INV100745,2026-03-12,Portal,C02,Services,12.7,No,33
INV100746,2026-03-12,Email-PDF,C10,MRO,10.1,No,28
INV100747,2026-03-12,Paper-scan,C10,Utilities,8.6,Yes,35
INV100748,2026-03-12,Portal,C11,Services,11.2,No,44
INV100749,2026-03-12,Email-PDF,C08,Services,13.9,No,34
INV100750,2026-03-12,Email-PDF,C06,Raw materials,4.6,No,28
INV100751,2026-03-12,Email-PDF,C07,Raw materials,6.1,No,24
INV100752,2026-03-12,Paper-scan,C12,Utilities,11.7,No,36
INV100753,2026-03-13,Paper-scan,C12,Utilities,8.0,No,29
INV100754,2026-03-13,EDI,C04,Services,4.8,No,40
INV100755,2026-03-13,Paper-scan,C10,Raw materials,11.5,No,26
INV100756,2026-03-13,EDI,C05,Raw materials,1.5,No,41
INV100757,2026-03-13,EDI,C10,Raw materials,1.5,No,35
INV100758,2026-03-13,Portal,C11,Raw materials,7.1,No,32
INV100759,2026-03-13,EDI,C01,Raw materials,1.9,No,32
INV100760,2026-03-13,Portal,C05,Freight,8.7,No,31
INV100761,2026-03-13,Portal,C11,Raw materials,4.1,No,25
INV100762,2026-03-13,Email-PDF,C04,Raw materials,10.1,No,27
INV100763,2026-03-13,Email-PDF,C01,Raw materials,11.5,No,29
INV100764,2026-03-13,Portal,C12,MRO,6.0,No,29
INV100765,2026-03-13,Portal,C11,Raw materials,3.5,No,26
INV100766,2026-03-16,Portal,C02,Freight,7.4,No,25
INV100767,2026-03-16,Portal,C11,Raw materials,5.7,No,28
INV100768,2026-03-16,Portal,C06,Freight,6.9,No,21
INV100769,2026-03-16,Paper-scan,C07,Raw materials,11.5,No,31
INV100770,2026-03-16,Portal,C06,Raw materials,4.0,No,28
INV100771,2026-03-16,Email-PDF,C12,Raw materials,9.0,No,24
INV100772,2026-03-16,EDI,C05,Raw materials,1.2,No,29
INV100773,2026-03-16,EDI,C01,Raw materials,1.0,No,27
INV100774,2026-03-16,Email-PDF,C04,Freight,5.9,No,31
INV100775,2026-03-16,Email-PDF,C06,Services,7.2,No,36
INV100776,2026-03-16,Portal,C08,Raw materials,7.0,Yes,39
INV100777,2026-03-16,Portal,C07,MRO,5.9,No,28
INV100778,2026-03-16,Portal,C01,Freight,3.8,No,27
INV100779,2026-03-16,Portal,C02,Utilities,5.6,No,19
INV100780,2026-03-16,EDI,C12,Raw materials,1.8,No,26
INV100781,2026-03-16,Portal,C08,Freight,6.6,No,25
INV100782,2026-03-16,Email-PDF,C08,Raw materials,10.6,No,33
INV100783,2026-03-17,Portal,C06,Freight,8.1,No,31
INV100784,2026-03-17,Portal,C03,Freight,4.5,No,29
INV100785,2026-03-17,Portal,C11,Freight,4.5,No,16
INV100786,2026-03-17,Portal,C08,Utilities,6.3,No,22
INV100787,2026-03-17,Portal,C10,Raw materials,7.8,No,24
INV100788,2026-03-17,Email-PDF,C06,Raw materials,8.7,No,25
INV100789,2026-03-17,Portal,C05,Services,5.5,No,34
INV100790,2026-03-17,Paper-scan,C09,Raw materials,7.3,Yes,33
INV100791,2026-03-17,Portal,C04,Raw materials,6.7,No,32
INV100792,2026-03-17,Email-PDF,C11,MRO,8.9,No,26
INV100793,2026-03-17,Email-PDF,C07,Raw materials,5.6,No,33
INV100794,2026-03-17,Email-PDF,C08,Freight,8.5,Yes,31
INV100795,2026-03-17,Portal,C07,Raw materials,3.5,No,24
INV100796,2026-03-17,Portal,C08,Services,7.9,No,43
INV100797,2026-03-17,EDI,C06,Services,6.1,No,41
INV100798,2026-03-17,Paper-scan,C05,Freight,13.3,No,19
INV100799,2026-03-17,Portal,C09,MRO,3.6,No,37
INV100800,2026-03-17,Email-PDF,C05,Services,17.7,No,35
INV100801,2026-03-17,Portal,C07,Raw materials,7.3,No,25
INV100802,2026-03-17,Portal,C03,MRO,4.2,No,27
INV100803,2026-03-17,EDI,C01,Raw materials,1.7,No,30
INV100804,2026-03-17,Email-PDF,C08,Utilities,6.2,No,21
INV100805,2026-03-18,Paper-scan,C02,Services,13.0,No,43
INV100806,2026-03-18,Portal,C06,Raw materials,3.7,No,29
INV100807,2026-03-18,Paper-scan,C11,Raw materials,11.2,No,25
INV100808,2026-03-18,Email-PDF,C05,Raw materials,10.3,No,24
INV100809,2026-03-18,Portal,C03,MRO,6.2,No,31
INV100810,2026-03-18,Email-PDF,C08,Utilities,9.1,No,16
INV100811,2026-03-18,EDI,C05,Raw materials,1.7,No,32
INV100812,2026-03-18,EDI,C09,Services,4.8,No,38
INV100813,2026-03-18,Email-PDF,C08,Utilities,8.1,No,29
INV100814,2026-03-18,Email-PDF,C06,Utilities,6.6,No,13
INV100815,2026-03-18,Portal,C12,MRO,3.9,Yes,30
INV100816,2026-03-18,Email-PDF,C10,MRO,7.4,No,27
INV100817,2026-03-18,EDI,C07,Services,6.2,No,35
INV100818,2026-03-18,Email-PDF,C08,MRO,11.9,No,31
INV100819,2026-03-18,EDI,C07,Utilities,3.2,No,19
INV100820,2026-03-18,EDI,C04,Raw materials,2.1,No,27
INV100821,2026-03-18,Email-PDF,C10,Services,12.4,No,41
INV100822,2026-03-18,Email-PDF,C03,Raw materials,11.1,No,27
INV100823,2026-03-18,Portal,C07,Services,6.6,No,37
INV100824,2026-03-18,Paper-scan,C10,Raw materials,13.8,No,33
INV100825,2026-03-18,EDI,C02,Services,5.1,No,37
INV100826,2026-03-18,EDI,C02,Raw materials,1.1,No,28
INV100827,2026-03-18,Email-PDF,C04,Utilities,9.0,No,30
INV100828,2026-03-19,Portal,C01,MRO,4.7,No,28
INV100829,2026-03-19,Email-PDF,C04,MRO,5.8,No,29
INV100830,2026-03-19,Email-PDF,C02,MRO,7.1,Yes,34
INV100831,2026-03-19,Portal,C10,Freight,5.0,No,27
INV100832,2026-03-19,Portal,C11,Raw materials,7.2,No,36
INV100833,2026-03-19,Email-PDF,C03,Services,9.5,No,30
INV100834,2026-03-19,Portal,C05,MRO,7.2,No,33
INV100835,2026-03-19,Email-PDF,C04,Raw materials,6.5,No,34
INV100836,2026-03-20,EDI,C10,Services,7.7,No,35
INV100837,2026-03-20,Portal,C11,Raw materials,3.7,No,21
INV100838,2026-03-20,Portal,C07,Raw materials,3.2,No,26
INV100839,2026-03-20,EDI,C07,Freight,2.7,No,20
INV100840,2026-03-20,Portal,C06,MRO,6.5,No,28
INV100841,2026-03-20,Portal,C10,Raw materials,3.5,No,31
INV100842,2026-03-20,EDI,C01,MRO,3.1,No,26
INV100843,2026-03-20,EDI,C03,Services,3.3,No,33
INV100844,2026-03-20,Email-PDF,C06,Raw materials,7.0,No,21
INV100845,2026-03-20,EDI,C04,MRO,1.7,No,25
INV100846,2026-03-20,Portal,C09,MRO,5.1,No,26
INV100847,2026-03-20,Portal,C08,Raw materials,5.4,No,26
INV100848,2026-03-20,Email-PDF,C05,Services,10.8,No,37
INV100849,2026-03-20,Paper-scan,C11,Raw materials,13.0,N,28
INV100850,2026-03-20,EDI,C10,Utilities,2.9,No,27
INV100851,2026-03-20,Portal,C10,Raw materials,5.7,No,28
INV100852,2026-03-20,Portal,C11,Raw materials,7.1,No,25
INV100853,2026-03-20,Portal,C01,Freight,8.0,No,31
INV100854,2026-03-20,EDI,C08,MRO,2.2,No,28
INV100855,2026-03-23,Email-PDF,C08,MRO,5.2,No,31
INV100856,2026-03-23,Email-PDF,C11,Raw materials,10.9,No,20
INV100857,2026-03-23,Paper-scan,C09,MRO,6.4,Yes,28
INV100858,2026-03-23,EDI,C09,Raw materials,2.6,No,30
INV100859,2026-03-23,Email-PDF,C11,Raw materials,4.9,No,19
INV100860,2026-03-23,Portal,C01,MRO,7.0,No,24
INV100861,2026-03-23,Portal,C04,Services,7.1,Yes,43
INV100862,2026-03-23,Portal,C09,Services,11.2,No,30
INV100863,2026-03-23,Email-PDF,C02,Raw materials,6.3,No,32
INV100864,2026-03-23,Email-PDF,C05,MRO,3.2,No,37
INV100865,2026-03-23,Portal,C06,Raw materials,5.2,No,26
INV100866,2026-03-23,Email-PDF,C01,Services,13.1,No,26
INV100867,2026-03-23,Portal,C11,Freight,5.8,No,36
INV100868,2026-03-23,EDI,C05,MRO,2.3,No,34
INV100869,2026-03-23,Portal,C06,Raw materials,6.5,No,25
INV100870,2026-03-23,EDI,C04,Raw materials,3.6,No,25
INV100871,2026-03-23,Email-PDF,C05,MRO,8.8,No,26
INV100872,2026-03-23,Paper-scan,C07,Raw materials,4.4,No,27
INV100873,2026-03-23,Portal,C07,Raw materials,3.6,No,30
INV100874,2026-03-23,Portal,C07,MRO,4.8,No,29
INV100875,2026-03-24,Email-PDF,C06,Services,7.4,No,35
INV100876,2026-03-24,EDI,C09,Services,8.8,No,37
INV100877,2026-03-24,Portal,C02,Raw materials,5.3,No,30
INV100878,2026-03-24,EDI,C05,Services,4.3,No,35
INV100879,2026-03-24,EDI,C12,Services,4.7,No,37
INV100880,2026-03-24,Portal,C08,MRO,3.3,No,32
INV100881,2026-03-24,Portal,C12,Raw materials,5.8,No,27
INV100882,2026-03-24,Portal,C02,MRO,2.8,No,19
INV100883,2026-03-24,Portal,C06,MRO,4.5,No,38
INV100884,2026-03-24,Portal,C09,Utilities,7.8,Yes,26
INV100885,2026-03-24,EDI,C02,Raw materials,1.7,No,24
INV100886,2026-03-24,Portal,C12,MRO,3.5,No,29
INV100887,2026-03-24,Paper-scan,C06,Raw materials,11.9,No,31
INV100888,2026-03-24,Portal,C02,Services,12.4,No,30
INV100889,2026-03-24,EDI,C04,MRO,1.7,No,33
INV100890,2026-03-24,Portal,C01,Raw materials,2.6,No,26
INV100891,2026-03-25,Portal,C07,Services,3.3,No,43
INV100892,2026-03-25,Paper-scan,C01,Raw materials,12.4,No,21
INV100893,2026-03-25,EDI,C07,Raw materials,1.1,No,31
INV100894,2026-03-25,Portal,C08,Raw materials,5.5,No,31
INV100895,2026-03-25,Email-PDF,C04,MRO,5.7,No,36
INV100896,2026-03-25,Paper-scan,C09,Raw materials,7.5,No,30
INV100897,2026-03-25,EDI,C08,MRO,0.9,No,23
INV100898,2026-03-25,Portal,C03,Services,6.4,No,38
INV100899,2026-03-25,Portal,C04,Freight,8.3,No,24
INV100900,2026-03-25,Email-PDF,C05,Raw materials,8.4,No,31
INV100901,2026-03-25,Portal,C07,Services,7.5,No,43
INV100902,2026-03-25,Email-PDF,C02,Utilities,5.8,No,22
INV100903,2026-03-26,Email-PDF,C12,MRO,6.6,No,27
INV100904,2026-03-26,Email-PDF,C10,Services,17.0,No,43
INV100905,2026-03-26,Portal,C05,Raw materials,5.9,No,15
INV100906,2026-03-26,Portal,C05,Raw materials,3.5,No,34
INV100907,2026-03-26,Email-PDF,C01,Raw materials,14.4,No,29
INV100908,2026-03-26,Portal,C01,MRO,6.9,No,25
INV100909,2026-03-26,Portal,C12,MRO,5.9,No,32
INV100910,2026-03-26,Portal,C06,Raw materials,4.7,No,34
INV100911,2026-03-26,Portal,C03,Utilities,3.8,No,30
INV100912,2026-03-26,Portal,C04,Services,8.7,No,40
INV100913,2026-03-26,Email-PDF,C08,MRO,8.9,No,29
INV100914,2026-03-26,Email-PDF,C02,Services,14.0,No,30
INV100915,2026-03-26,Paper-scan,C01,MRO,16.0,No,30
INV100916,2026-03-26,Portal,C05,Raw materials,5.5,No,22
INV100917,2026-03-26,Portal,C01,Freight,5.5,No,25
INV100918,2026-03-27,Portal,C08,Raw materials,4.5,No,22
INV100919,2026-03-27,Paper-scan,C11,Raw materials,10.1,No,24
INV100920,2026-03-27,Paper-scan,C11,Raw materials,6.1,No,33
INV100921,2026-03-27,Portal,C11,Raw materials,5.7,No,30
INV100922,2026-03-27,Email-PDF,C05,Services,14.2,No,35
INV100923,2026-03-27,Email-PDF,C08,Services,6.9,No,33
INV100924,2026-03-27,Portal,C05,Services,7.1,No,45
INV100925,2026-03-27,Email-PDF,C06,Raw materials,6.6,No,27
INV100926,2026-03-27,Portal,C05,MRO,5.1,No,29
INV100927,2026-03-27,Portal,C09,Utilities,4.4,No,26
INV100928,2026-03-27,Email-PDF,C03,Freight,7.6,No,24
INV100929,2026-03-30,EDI,C06,MRO,1.9,No,21
INV100930,2026-03-30,Email-PDF,C11,Raw materials,5.6,No,25
INV100931,2026-03-30,Email-PDF,C08,MRO,6.3,No,31
INV100932,2026-03-30,Email-PDF,C07,Raw materials,7.1,No,36
INV100933,2026-03-30,EDI,C01,MRO,2.6,No,36
INV100934,2026-03-30,EDI,C08,Raw materials,3.2,No,28
INV100935,2026-03-30,Email-PDF,C07,Utilities,7.0,No,26
INV100936,2026-03-30,Portal,C11,Raw materials,3.0,No,24
INV100937,2026-03-30,Email-PDF,C01,MRO,7.1,No,25
INV100938,2026-03-30,Email-PDF,C02,Raw materials,8.0,No,28
INV100939,2026-03-30,EDI,C12,MRO,2.6,No,31
INV100940,2026-03-30,Portal,C10,Services,5.4,No,34
INV100941,2026-03-30,Email-PDF,C11,MRO,7.5,No,28
INV100942,2026-03-30,Email-PDF,C12,Raw materials,10.9,Yes,35
INV100943,2026-03-30,Email-PDF,C09,Services,15.0,No,34
INV100944,2026-03-30,Email-PDF,C01,Raw materials,6.1,No,29
INV100945,2026-03-31,Email-PDF,C10,Services,16.9,No,31
INV100946,2026-03-31,EDI,C06,Raw materials,1.9,No,27
INV100947,2026-03-31,EDI,C07,MRO,1.5,No,36
INV100948,2026-03-31,Portal,C03,Raw materials,6.9,No,28
INV100949,2026-03-31,Portal,C11,Services,5.5,No,34
INV100950,2026-03-31,Portal,C03,MRO,6.9,Yes,42
INV100951,2026-03-31,Email-PDF,C11,Raw materials,10.2,No,27
INV100952,2026-03-31,Portal,C02,Services,6.5,Yes,46
INV100953,2026-03-31,Email-PDF,C07,MRO,7.8,No,25
INV100954,2026-03-31,Portal,C10,Utilities,4.3,No,32
INV100955,2026-03-31,Email-PDF,C06,MRO,7.5,No,27
INV100956,2026-04-01,Portal,C12,Raw materials,4.7,No,28
INV100957,2026-04-01,Portal,C06,MRO,6.4,No,26
INV100958,2026-04-01,Portal,C06,Services,10.1,No,41
INV100959,2026-04-01,Email-PDF,C03,Raw materials,6.5,No,30
INV100960,2026-04-01,Portal,C12,Utilities,5.5,No,15
INV100961,2026-04-01,Paper-scan,C06,Freight,8.3,No,27
INV100962,2026-04-01,Email-PDF,C11,Freight,6.9,No,28
INV100963,2026-04-01,EDI,C04,Utilities,3.2,No,16
INV100964,2026-04-01,Portal,C08,Raw materials,6.1,No,33
INV100965,2026-04-01,EDI,C11,MRO,2.1,No,20
INV100966,2026-04-01,Portal,C07,Services,7.1,No,40
INV100967,2026-04-01,Paper-scan,C06,Services,15.4,No,34
INV100968,2026-04-02,EDI,C08,Raw materials,1.8,No,22
INV100969,2026-04-02,EDI,C09,Freight,2.4,No,22
INV100970,2026-04-02,Portal,C01,MRO,5.1,No,28
INV100971,2026-04-02,Email-PDF,C07,Raw materials,8.0,NO,27
INV100972,2026-04-02,EDI,C10,Services,7.1,No,43
INV100973,2026-04-02,Portal,C09,Utilities,3.7,No,28
INV100974,2026-04-02,Email-PDF,C11,Raw materials,4.7,No,31
INV100975,2026-04-02,Email-PDF,C12,MRO,7.7,No,26
INV100976,2026-04-02,Portal,C02,Raw materials,4.9,No,38
INV100977,2026-04-02,Portal,C04,Services,6.8,No,33
INV100978,2026-04-02,Portal,C09,Freight,2.5,No,29
INV100979,2026-04-02,Paper-scan,C02,Services,15.4,No,40
INV100980,2026-04-02,EDI,C05,MRO,1.9,No,28
INV100981,2026-04-02,Portal,C10,Services,9.7,Yes,31
INV100982,2026-04-02,Email-PDF,C04,MRO,5.3,Yes,32
INV100983,2026-04-02,EDI,C05,MRO,2.0,No,35
INV100984,2026-04-02,Email-PDF,C03,Raw materials,6.8,No,32
INV100985,2026-04-02,Portal,C05,Raw materials,4.6,No,28
INV100986,2026-04-02,Email-PDF,C05,Raw materials,8.6,No,36
INV100987,2026-04-02,EDI,C04,Services,5.0,No,43
INV100988,2026-04-03,Paper-scan,C08,Services,22.7,No,39
INV100989,2026-04-03,Email-PDF,C01,MRO,7.5,No,18
INV100990,2026-04-03,EDI,C10,Freight,2.8,No,22
INV100991,2026-04-03,Email-PDF,C01,Freight,8.4,Yes,42
INV100992,2026-04-03,Email-PDF,C02,Freight,6.9,No,24
INV100993,2026-04-03,Email-PDF,C01,MRO,6.0,No,34
INV100994,2026-04-03,Portal,C01,Services,9.5,No,39
INV100995,2026-04-03,Portal,C07,Raw materials,5.9,No,21
INV100996,2026-04-03,Portal,C01,Services,5.7,Y,44
INV100997,2026-04-03,Portal,C08,MRO,5.8,No,26
INV100998,2026-04-03,Portal,C05,MRO,4.3,No,23
INV100999,2026-04-03,EDI,C06,Raw materials,1.9,No,32
INV101000,2026-04-03,Paper-scan,C02,Utilities,9.6,No,31
INV101001,2026-04-06,Paper-scan,C03,Services,12.7,No,39
INV101002,2026-04-06,Portal,C06,Utilities,5.5,No,28
INV101003,2026-04-06,Portal,C04,Freight,6.4,No,23
INV101004,2026-04-06,Portal,C01,Freight,4.5,No,29
INV101005,2026-04-06,Paper-scan,C05,Raw materials,8.3,No,28
INV101006,2026-04-06,Portal,C04,Utilities,4.0,No,22
INV101007,2026-04-06,Paper-scan,C03,Freight,8.5,No,25
INV101008,2026-04-06,Email-PDF,C05,Raw materials,7.0,No,22
INV101009,2026-04-06,EDI,C08,MRO,2.4,No,26
INV101010,2026-04-06,Portal,C05,Services,5.7,No,35
INV101011,2026-04-06,Email-PDF,C08,Freight,7.3,No,33
INV101012,2026-04-06,Email-PDF,C03,Raw materials,6.4,Yes,35
INV101013,2026-04-06,Portal,C06,Raw materials,3.3,No,19
INV101014,2026-04-06,Email-PDF,C03,Raw materials,12.6,No,30
INV101015,2026-04-06,Email-PDF,C09,Services,8.1,No,28
INV101016,2026-04-06,Email-PDF,C07,MRO,8.1,No,30
INV101017,2026-04-06,EDI,C09,Utilities,3.0,No,20
INV101018,2026-04-06,EDI,C02,Raw materials,1.9,No,32
INV101019,2026-04-07,EDI,C04,MRO,1.4,No,34
INV101020,2026-04-07,Email-PDF,C01,Utilities,5.2,No,24
INV101021,2026-04-07,Portal,C08,Freight,4.7,No,24
INV101022,2026-04-07,Email-PDF,C05,Freight,6.6,No,24
INV101023,2026-04-07,Email-PDF,C05,Raw materials,7.8,No,29
INV101024,2026-04-07,Email-PDF,C07,Raw materials,5.0,Yes,40
INV101025,2026-04-07,EDI,C09,Raw materials,2.3,No,29
INV101026,2026-04-07,Paper-scan,C03,Raw materials,7.6,No,23
INV101027,2026-04-07,Portal,C01,Raw materials,6.5,No,28
INV101028,2026-04-07,Email-PDF,C01,Services,9.6,Yes,36
INV101029,2026-04-07,Email-PDF,C10,Services,15.3,Yes,45
INV101030,2026-04-07,Portal,C01,Utilities,11.0,No,31
INV101031,2026-04-07,EDI,C02,Freight,3.4,No,21
INV101032,2026-04-07,EDI,C08,Services,3.3,No,46
INV101033,2026-04-07,Portal,C10,Utilities,2.9,No,20
INV101034,2026-04-07,Portal,C01,Services,9.3,No,26
INV101035,2026-04-07,Email-PDF,C07,MRO,6.0,No,26
INV101036,2026-04-07,Portal,C08,Services,7.0,No,29
INV101037,2026-04-07,Portal,C07,Freight,5.7,No,29
INV101038,2026-04-07,Paper-scan,C08,MRO,10.1,No,27
INV101039,2026-04-07,Portal,C01,Raw materials,4.3,No,25
INV101040,2026-04-07,EDI,C03,Freight,3.7,No,21
INV101041,2026-04-08,Portal,C06,Services,5.9,No,34
INV101042,2026-04-08,Email-PDF,C04,Raw materials,10.6,No,29
INV101043,2026-04-08,EDI,C02,Raw materials,2.3,No,26
INV101044,2026-04-08,Email-PDF,C12,MRO,5.0,No,37
INV101045,2026-04-08,Paper-scan,C01,Services,12.5,No,33
INV101046,2026-04-08,EDI,C12,Raw materials,2.0,No,41
INV101047,2026-04-08,EDI,C03,MRO,2.1,No,25
INV101048,2026-04-08,Email-PDF,C03,Raw materials,5.4,No,35
INV101049,2026-04-08,Portal,C08,MRO,4.1,No,38
INV101050,2026-04-08,Email-PDF,C02,Raw materials,9.1,No,31
INV101051,2026-04-08,EDI,C02,MRO,3.8,No,33
INV101052,2026-04-08,EDI,C03,MRO,3.1,No,30
INV101053,2026-04-08,Email-PDF,C02,Raw materials,8.1,No,25
INV101054,2026-04-08,Paper-scan,C03,Freight,7.0,No,30
INV101055,2026-04-08,Email-PDF,C11,Raw materials,6.1,No,36
INV101056,2026-04-08,Email-PDF,C06,Raw materials,11.0,No,29
INV101057,2026-04-08,Portal,C10,Utilities,5.0,No,28
INV101058,2026-04-08,Paper-scan,C08,Raw materials,10.4,No,30
INV101059,2026-04-09,Email-PDF,C09,Raw materials,7.4,No,35
INV101060,2026-04-09,Paper-scan,C07,MRO,9.2,No,19
INV101061,2026-04-09,EDI,C08,Raw materials,2.6,No,32
INV101062,2026-04-09,Portal,C08,Raw materials,5.0,No,30
INV101063,2026-04-09,Portal,C03,Raw materials,4.9,No,28
INV101064,2026-04-09,Portal,C08,Services,5.7,No,38
INV101065,2026-04-09,Email-PDF,C07,Raw materials,6.3,No,30
INV101066,2026-04-09,Paper-scan,C11,Raw materials,7.1,No,30
INV101067,2026-04-09,Portal,C04,MRO,5.2,No,37
INV101068,2026-04-09,EDI,C02,MRO,2.2,No,31
INV101069,2026-04-09,Email-PDF,C06,MRO,5.7,No,34
INV101070,2026-04-09,Paper-scan,C05,Raw materials,8.5,No,35
INV101071,2026-04-09,Portal,C01,Raw materials,2.9,No,31
INV101072,2026-04-10,Email-PDF,C08,Raw materials,7.6,Yes,42
INV101073,2026-04-10,Email-PDF,C08,Raw materials,4.5,Yes,35
INV101074,2026-04-10,Portal,C08,Raw materials,4.6,No,31
INV101075,2026-04-10,Portal,C07,MRO,4.0,No,25
INV101076,2026-04-10,Portal,C09,Raw materials,3.6,No,32
INV101077,2026-04-10,Email-PDF,C07,Services,5.1,No,38
INV101078,2026-04-10,Portal,C09,Raw materials,3.2,No,30
INV101079,2026-04-10,Email-PDF,C02,Freight,6.9,No,27
INV101080,2026-04-10,Email-PDF,C06,Services,9.6,No,30
INV101081,2026-04-10,Paper-scan,C06,MRO,10.6,No,24
INV101082,2026-04-10,Email-PDF,C05,Raw materials,5.3,No,27
INV101083,2026-04-10,Portal,C08,Raw materials,3.5,No,29
INV101084,2026-04-13,Portal,C12,Services,5.2,No,41
INV101085,2026-04-13,Paper-scan,C04,Raw materials,7.9,Yes,33
INV101086,2026-04-13,Email-PDF,C04,MRO,4.0,No,32
INV101087,2026-04-13,Paper-scan,C03,Services,9.0,No,42
INV101088,2026-04-13,Paper-scan,C06,Utilities,5.9,No,22
INV101089,2026-04-13,Paper-scan,C04,MRO,6.5,No,31
INV101090,2026-04-13,Portal,C11,Raw materials,4.3,No,23
INV101091,2026-04-13,EDI,C11,Raw materials,1.8,no,22
INV101092,2026-04-13,EDI,C05,Raw materials,2.8,No,19
INV101093,2026-04-13,Email-PDF,C07,Raw materials,8.9,No,28
INV101094,2026-04-13,Email-PDF,C05,MRO,5.6,No,28
INV101095,2026-04-13,EDI,C08,Freight,2.5,No,29
INV101096,2026-04-13,Portal,C06,MRO,3.9,No,29
INV101097,2026-04-13,Email-PDF,C11,Raw materials,8.1,Yes,36
INV101098,2026-04-13,EDI,C02,Raw materials,1.5,No,27
INV101099,2026-04-13,Email-PDF,C11,Utilities,8.3,No,24
INV101100,2026-04-14,Portal,C11,Raw materials,3.3,Yes,27
INV101101,2026-04-14,Email-PDF,C10,MRO,8.0,No,31
INV101102,2026-04-14,Portal,C12,Freight,6.8,No,28
INV101103,2026-04-14,Paper-scan,C11,Raw materials,6.6,No,25
INV101104,2026-04-14,Email-PDF,C01,MRO,13.0,No,33
INV101105,2026-04-14,Portal,C12,Services,8.4,No,36
INV101106,2026-04-14,Email-PDF,C02,MRO,8.0,No,29
INV101107,2026-04-14,Portal,C09,Raw materials,2.5,No,30
INV101108,2026-04-14,Portal,C11,MRO,6.8,No,38
INV101109,2026-04-14,EDI,C02,MRO,2.9,No,31
INV101110,2026-04-14,Portal,C09,Freight,5.3,No,31
INV101111,2026-04-14,Email-PDF,C09,Raw materials,5.9,Yes,37
INV101112,2026-04-14,Portal,C02,Raw materials,4.7,No,22
INV101113,2026-04-14,EDI,C08,Raw materials,1.5,No,26
INV101114,2026-04-14,EDI,C11,MRO,1.2,No,27
INV101115,2026-04-14,Portal,C07,Freight,5.4,No,24
INV101116,2026-04-14,Paper-scan,C04,Services,12.0,No,29
INV101117,2026-04-14,Portal,C02,Raw materials,3.3,No,31
INV101118,2026-04-14,EDI,C03,Raw materials,1.1,No,32
INV101119,2026-04-15,Email-PDF,C02,Freight,7.3,No,26
INV101120,2026-04-15,Portal,C12,Raw materials,6.3,No,25
INV101121,2026-04-15,Portal,C09,MRO,8.1,No,28
INV101122,2026-04-15,Paper-scan,C11,Raw materials,9.9,No,23
INV101123,2026-04-15,Email-PDF,C05,MRO,8.1,No,30
INV101124,2026-04-15,EDI,C09,Services,4.7,No,41
INV101125,2026-04-15,Portal,C05,Services,6.3,No,31
INV101126,2026-04-15,EDI,C03,Freight,2.1,No,32
INV101127,2026-04-15,Paper-scan,C04,MRO,10.7,No,31
INV101128,2026-04-15,EDI,C12,Raw materials,0.9,No,29
INV101129,2026-04-15,Email-PDF,C07,Services,9.0,No,36
INV101130,2026-04-15,EDI,C12,Freight,3.1,No,27
INV101131,2026-04-15,Portal,C01,Freight,5.9,No,24
INV101132,2026-04-15,EDI,C06,MRO,2.2,No,31
INV101133,2026-04-15,Portal,C03,Services,5.4,No,38
INV101134,2026-04-15,EDI,C03,Raw materials,0.8,No,29
INV101135,2026-04-15,Paper-scan,C11,MRO,5.1,No,29
INV101136,2026-04-15,Portal,C08,Raw materials,3.3,No,23
INV101137,2026-04-15,EDI,C02,Services,9.0,No,34
INV101138,2026-04-15,Email-PDF,C01,Raw materials,8.8,No,18
INV101139,2026-04-15,EDI,C04,Services,4.6,No,41
INV101140,2026-04-15,Portal,C07,MRO,5.0,No,24
INV101141,2026-04-15,Email-PDF,C04,Services,17.6,No,35
INV101142,2026-04-15,Email-PDF,C04,MRO,5.4,No,25
INV101143,2026-04-16,Paper-scan,C08,Raw materials,5.9,No,26
INV101144,2026-04-16,Portal,C12,Services,6.6,No,39
INV101145,2026-04-16,Portal,C11,Services,5.8,No,31
INV101146,2026-04-16,Email-PDF,C03,Services,13.4,No,36
INV101147,2026-04-16,Portal,C02,Services,7.2,No,39
INV101148,2026-04-16,Portal,C04,MRO,4.4,No,27
INV101149,2026-04-16,Email-PDF,C11,Services,12.4,No,36
INV101150,2026-04-16,Portal,C03,MRO,3.9,No,34
INV101151,2026-04-16,EDI,C09,MRO,1.9,No,27
INV101152,2026-04-16,Paper-scan,C04,Freight,8.9,No,19
INV101153,2026-04-16,EDI,C10,Utilities,2.6,No,19
INV101154,2026-04-16,Email-PDF,C03,MRO,6.3,No,30
INV101155,2026-04-16,EDI,C04,Services,5.1,No,37
INV101156,2026-04-16,EDI,C12,Services,10.1,No,38
INV101157,2026-04-16,Portal,C01,Freight,5.0,No,19
INV101158,2026-04-16,Email-PDF,C12,MRO,2.2,No,38
INV101159,2026-04-16,Portal,C02,Utilities,3.3,No,20
INV101160,2026-04-16,EDI,C12,Raw materials,2.1,No,33
INV101161,2026-04-17,Portal,C12,MRO,4.5,No,27
INV101162,2026-04-17,Email-PDF,C02,Raw materials,5.0,No,32
INV101163,2026-04-17,Email-PDF,C12,Services,8.5,No,44
INV101164,2026-04-17,Portal,C03,MRO,3.4,No,20
INV101165,2026-04-17,Paper-scan,C06,Raw materials,7.9,No,20
INV101166,2026-04-17,Paper-scan,C01,Raw materials,6.1,No,22
INV101167,2026-04-17,Portal,C07,MRO,7.5,No,31
INV101168,2026-04-17,EDI,C09,Services,6.2,No,27
INV101169,2026-04-17,EDI,C10,Raw materials,2.6,No,27
INV101170,2026-04-17,EDI,C10,Raw materials,2.3,No,45
INV101171,2026-04-17,Email-PDF,C04,MRO,7.5,No,30
INV101172,2026-04-17,Email-PDF,C02,MRO,6.1,No,24
INV101173,2026-04-17,Paper-scan,C03,Raw materials,10.7,No,36
INV101174,2026-04-17,EDI,C10,Services,7.5,No,40
INV101175,2026-04-17,Email-PDF,C10,Utilities,4.8,Yes,24
INV101176,2026-04-17,Portal,C06,MRO,4.4,Yes,46
INV101177,2026-04-17,Portal,C12,Services,5.7,Yes,37
INV101178,2026-04-17,Portal,C12,Utilities,4.8,No,14
INV101179,2026-04-17,Email-PDF,C04,Raw materials,8.2,Yes,33
INV101180,2026-04-17,Email-PDF,C08,Utilities,6.0,Yes,39
INV101181,2026-04-17,Email-PDF,C07,MRO,7.4,No,25
INV101182,2026-04-17,Email-PDF,C06,MRO,4.6,No,27
INV101183,2026-04-17,Portal,C11,Utilities,6.3,No,26
INV101184,2026-04-20,Portal,C11,MRO,4.1,No,33
INV101185,2026-04-20,EDI,C07,MRO,1.4,No,25
INV101186,2026-04-20,EDI,C11,MRO,2.4,No,23
INV101187,2026-04-20,Portal,C05,Services,6.1,No,31
INV101188,2026-04-20,Paper-scan,C07,Raw materials,7.1,No,26
INV101189,2026-04-20,Email-PDF,C12,Raw materials,6.2,No,35
INV101190,2026-04-20,Portal,C12,Utilities,4.3,No,23
INV101191,2026-04-20,EDI,C09,MRO,2.3,No,32
INV101192,2026-04-20,Portal,C01,Raw materials,3.6,No,23
INV101193,2026-04-20,Paper-scan,C07,MRO,13.9,No,36
INV101194,2026-04-20,Email-PDF,C03,Raw materials,8.6,No,18
INV101195,2026-04-20,Paper-scan,C08,MRO,9.3,No,35
INV101196,2026-04-20,EDI,C04,MRO,1.9,No,33
INV101197,2026-04-20,Portal,C08,MRO,4.7,No,35
INV101198,2026-04-20,Portal,C08,Freight,5.8,No,26
INV101199,2026-04-21,Portal,C01,MRO,3.4,No,34
INV101200,2026-04-21,EDI,C11,Services,9.6,No,31
INV101201,2026-04-21,EDI,C08,Services,5.7,No,40
INV101202,2026-04-21,Email-PDF,C03,MRO,5.0,No,26
INV101203,2026-04-21,Email-PDF,C08,Raw materials,7.3,No,24
INV101204,2026-04-21,EDI,C09,Raw materials,1.8,No,27
INV101205,2026-04-21,EDI,C08,Raw materials,1.3,No,22
INV101206,2026-04-21,Portal,C10,Freight,6.3,No,33
INV101207,2026-04-21,Portal,C03,MRO,4.7,No,27
INV101208,2026-04-21,Email-PDF,C11,Services,9.2,No,32
INV101209,2026-04-21,Email-PDF,C02,Services,8.9,No,34
INV101210,2026-04-21,EDI,C07,MRO,1.8,No,37
INV101211,2026-04-21,Portal,C02,Raw materials,5.5,No,28
INV101212,2026-04-21,Email-PDF,C11,Freight,6.7,No,33
INV101213,2026-04-22,Portal,C03,MRO,5.3,No,36
INV101214,2026-04-22,Email-PDF,C09,MRO,6.0,Yes,33
INV101215,2026-04-22,Email-PDF,C05,Raw materials,8.5,No,38
INV101216,2026-04-22,EDI,C01,Freight,2.2,No,12
INV101217,2026-04-22,Email-PDF,C10,Raw materials,10.9,Yes,35
INV101218,2026-04-22,Paper-scan,C02,MRO,5.9,No,25
INV101219,2026-04-22,EDI,C08,Utilities,2.8,No,27
INV101220,2026-04-22,EDI,C07,MRO,2.8,No,28
INV101221,2026-04-22,Paper-scan,C04,Raw materials,5.5,No,25
INV101222,2026-04-22,Email-PDF,C07,Freight,3.8,No,27
INV101223,2026-04-22,Paper-scan,C10,Utilities,7.7,No,22
INV101224,2026-04-22,EDI,C10,Raw materials,2.2,No,28
INV101225,2026-04-22,Email-PDF,C08,Raw materials,4.6,No,27
INV101226,2026-04-23,Email-PDF,C05,Raw materials,6.4,No,27
INV101227,2026-04-23,Email-PDF,C05,Utilities,5.0,Yes,24
INV101228,2026-04-23,Portal,C01,MRO,3.8,No,28
INV101229,2026-04-23,Portal,C09,Raw materials,4.7,No,38
INV101230,2026-04-23,Email-PDF,C03,Services,14.3,No,29
INV101231,2026-04-23,EDI,C09,MRO,1.6,No,35
INV101232,2026-04-23,Paper-scan,C03,Raw materials,10.1,No,26
INV101233,2026-04-23,Portal,C11,Raw materials,6.0,No,32
INV101234,2026-04-23,Portal,C03,MRO,6.0,No,31
INV101235,2026-04-23,Portal,C09,Freight,3.8,No,26
INV101236,2026-04-23,Portal,C04,MRO,3.3,No,36
INV101237,2026-04-23,Email-PDF,C08,Services,9.9,No,35
INV101238,2026-04-23,Portal,C04,Utilities,4.7,No,20
INV101239,2026-04-23,Portal,C02,Raw materials,4.9,No,17
INV101240,2026-04-23,Paper-scan,C01,Raw materials,8.5,No,30
INV101241,2026-04-23,Email-PDF,C11,Raw materials,6.7,No,33
INV101242,2026-04-23,Portal,C04,Raw materials,2.5,No,31
INV101243,2026-04-23,Paper-scan,C09,Raw materials,14.5,Yes,43
INV101244,2026-04-24,Paper-scan,C08,Raw materials,8.3,No,41
INV101245,2026-04-24,Email-PDF,C05,Raw materials,5.3,No,26
INV101246,2026-04-24,Email-PDF,C04,MRO,11.4,No,33
INV101247,2026-04-24,Portal,C05,MRO,4.2,No,25
INV101248,2026-04-24,Email-PDF,C03,MRO,8.3,No,20
INV101249,2026-04-24,EDI,C08,Raw materials,1.7,No,17
INV101250,2026-04-24,Portal,C12,Raw materials,3.2,No,18
INV101251,2026-04-24,Portal,C01,Services,7.7,No,34
INV101252,2026-04-24,EDI,C01,Utilities,1.3,No,16
INV101253,2026-04-24,Portal,C03,Services,5.1,No,43
INV101254,2026-04-24,Portal,C06,Raw materials,5.5,No,25
INV101255,2026-04-24,EDI,C04,Raw materials,3.7,No,14
INV101256,2026-04-24,Portal,C11,Raw materials,4.2,Yes,34
INV101257,2026-04-24,Paper-scan,C05,MRO,9.6,No,22
INV101258,2026-04-24,EDI,C05,MRO,1.9,No,24
INV101259,2026-04-27,EDI,C11,Services,4.1,No,42
INV101260,2026-04-27,Email-PDF,C08,Raw materials,8.4,No,30
INV101261,2026-04-27,Portal,C01,Freight,7.4,No,27
INV101262,2026-04-27,Paper-scan,C07,MRO,5.5,No,23
INV101263,2026-04-27,EDI,C08,Utilities,3.1,No,15
INV101264,2026-04-27,Portal,C11,MRO,5.3,No,35
INV101265,2026-04-27,EDI,C05,Raw materials,3.1,No,22
INV101266,2026-04-27,EDI,C11,Services,3.9,No,36
INV101267,2026-04-27,Email-PDF,C08,Raw materials,6.7,No,31
INV101268,2026-04-27,Email-PDF,C07,Freight,10.2,No,24
INV101269,2026-04-27,Portal,C10,Raw materials,5.2,No,32
INV101270,2026-04-27,Portal,C10,Raw materials,8.8,No,30
INV101271,2026-04-27,Portal,C01,Freight,4.5,No,23
INV101272,2026-04-28,EDI,C09,Freight,2.4,No,28
INV101273,2026-04-28,Portal,C06,MRO,5.1,No,23
INV101274,2026-04-28,Email-PDF,C11,Services,10.8,Yes,42
INV101275,2026-04-28,EDI,C11,Services,5.8,No,32
INV101276,2026-04-28,Email-PDF,C12,Raw materials,5.3,No,33
INV101277,2026-04-28,EDI,C11,Raw materials,2.5,No,30
INV101278,2026-04-28,Email-PDF,C08,Utilities,4.7,No,21
INV101279,2026-04-28,Email-PDF,C12,Services,16.1,Yes,42
INV101280,2026-04-28,Email-PDF,C12,Services,7.5,No,42
INV101281,2026-04-28,EDI,C06,Raw materials,2.6,No,27
INV101282,2026-04-28,Email-PDF,C08,MRO,4.7,No,25
INV101283,2026-04-28,Email-PDF,C11,Raw materials,4.4,No,32
INV101284,2026-04-28,Portal,C11,MRO,2.8,No,34
INV101285,2026-04-28,EDI,C09,Raw materials,1.9,No,25
INV101286,2026-04-28,Portal,C01,Raw materials,3.3,No,28
INV101287,2026-04-29,Paper-scan,C07,Raw materials,5.5,No,32
INV101288,2026-04-29,Portal,C01,Raw materials,2.8,No,27
INV101289,2026-04-29,Email-PDF,C01,MRO,6.5,Yes,25
INV101290,2026-04-29,Portal,C06,Services,5.1,No,39
INV101291,2026-04-29,EDI,C01,Freight,2.1,No,22
INV101292,2026-04-29,Portal,C12,Services,8.6,No,40
INV101293,2026-04-29,Paper-scan,C07,Raw materials,10.6,No,29
INV101294,2026-04-29,Portal,C02,Services,5.1,No,31
INV101295,2026-04-29,Email-PDF,C12,Freight,7.9,Yes,28
INV101296,2026-04-29,Portal,C12,Utilities,5.0,No,22
INV101297,2026-04-29,EDI,C10,Freight,4.7,No,19
INV101298,2026-04-29,Portal,C07,Services,6.3,Yes,39
INV101299,2026-04-29,Paper-scan,C10,Freight,15.5,No,23
INV101300,2026-04-29,Portal,C01,Utilities,3.2,No,24
INV101301,2026-04-29,Email-PDF,C12,Raw materials,6.7,No,31
INV101302,2026-04-29,Paper-scan,C08,Raw materials,4.3,No,25
INV101303,2026-04-29,Email-PDF,C04,MRO,12.2,No,31
INV101304,2026-04-29,Email-PDF,C09,Raw materials,11.3,No,30
INV101305,2026-04-30,Email-PDF,C03,MRO,6.6,No,28
INV101306,2026-04-30,Email-PDF,C10,MRO,7.5,No,27
INV101307,2026-04-30,Portal,C12,Freight,5.8,No,35
INV101308,2026-04-30,EDI,C06,Raw materials,1.8,No,25
INV101309,2026-04-30,Email-PDF,C11,Utilities,3.5,No,23
INV101310,2026-04-30,EDI,C10,Freight,3.2,No,23
INV101311,2026-04-30,Portal,C09,Freight,5.9,No,19
INV101312,2026-04-30,Portal,C05,MRO,5.9,No,36
INV101313,2026-04-30,EDI,C02,Utilities,2.5,No,14
INV101314,2026-04-30,Email-PDF,C10,Raw materials,8.8,No,26
INV101315,2026-04-30,EDI,C08,MRO,1.1,No,30
INV101316,2026-04-30,EDI,C12,Raw materials,2.8,No,33
INV101317,2026-04-30,Portal,C01,Raw materials,3.7,No,24
INV101318,2026-04-30,Portal,C05,MRO,3.4,No,26
INV101319,2026-04-30,Email-PDF,C03,Raw materials,5.1,No,31
INV101320,2026-04-30,Portal,C11,MRO,2.5,No,32
INV101321,2026-04-30,EDI,C10,Raw materials,1.7,No,26
INV101322,2026-05-01,Paper-scan,C03,Raw materials,8.5,No,28
INV101323,2026-05-01,Portal,C02,Freight,3.8,No,33
INV101324,2026-05-01,EDI,C06,MRO,2.1,No,36
INV101325,2026-05-01,Portal,C04,Raw materials,5.5,No,30
INV101326,2026-05-01,Paper-scan,C09,Raw materials,5.9,No,30
INV101327,2026-05-01,Email-PDF,C04,Raw materials,10.8,No,20
INV101328,2026-05-01,EDI,C09,Services,2.2,No,28
INV101329,2026-05-01,Portal,C07,MRO,6.3,No,35
INV101330,2026-05-01,EDI,C01,MRO,4.1,No,34
INV101331,2026-05-01,EDI,C03,Freight,3.3,No,24
INV101332,2026-05-01,Email-PDF,C05,Raw materials,5.9,No,24
INV101333,2026-05-01,Portal,C12,Raw materials,5.0,No,30
INV101334,2026-05-01,Portal,C08,MRO,2.1,No,32
INV101335,2026-05-01,Paper-scan,C08,Services,12.6,No,34
INV101336,2026-05-01,EDI,C06,MRO,2.2,No,29
INV101337,2026-05-01,Email-PDF,C09,Raw materials,6.3,Yes,44
INV101338,2026-05-01,Paper-scan,C05,Services,8.8,Yes,36
INV101339,2026-05-01,EDI,C06,MRO,2.4,No,22
INV101340,2026-05-01,Portal,C04,Services,6.2,No,37
INV101341,2026-05-04,Portal,C07,MRO,7.1,No,33
INV101342,2026-05-04,Email-PDF,C12,MRO,8.2,No,33
INV101343,2026-05-04,Email-PDF,C11,Raw materials,6.1,No,31
INV101344,2026-05-04,EDI,C02,Raw materials,2.0,No,32
INV101345,2026-05-04,EDI,C09,MRO,1.6,No,27
INV101346,2026-05-04,Portal,C09,Utilities,3.4,No,22
INV101347,2026-05-04,EDI,C08,Services,5.0,No,32
INV101348,2026-05-04,EDI,C01,MRO,3.4,No,31
INV101349,2026-05-04,Portal,C01,Services,4.4,No,29
INV101350,2026-05-04,Portal,C05,Raw materials,3.2,No,21
INV101351,2026-05-04,EDI,C03,Freight,2.3,No,27
INV101352,2026-05-04,EDI,C03,Raw materials,2.0,No,32
INV101353,2026-05-04,EDI,C05,Services,7.8,No,38
INV101354,2026-05-04,EDI,C11,Services,3.5,No,36
INV101355,2026-05-04,EDI,C01,Raw materials,2.2,No,24
INV101356,2026-05-04,Email-PDF,C09,Raw materials,6.2,No,30
INV101357,2026-05-04,Portal,C06,Services,7.6,No,33
INV101358,2026-05-04,EDI,C07,MRO,1.7,No,28
INV101359,2026-05-04,EDI,C06,Services,8.2,No,42
INV101360,2026-05-04,Email-PDF,C02,Freight,6.2,No,25
INV101361,2026-05-04,Paper-scan,C05,MRO,6.7,No,29
INV101362,2026-05-05,Paper-scan,C06,Services,10.0,No,36
INV101363,2026-05-05,Portal,C07,MRO,5.1,Yes,36
INV101364,2026-05-05,Email-PDF,C08,Raw materials,8.3,No,31
INV101365,2026-05-05,EDI,C01,MRO,1.9,No,27
INV101366,2026-05-05,Email-PDF,C11,Services,6.1,No,32
INV101367,2026-05-05,EDI,C12,Raw materials,1.8,No,32
INV101368,2026-05-05,Paper-scan,C12,Raw materials,9.0,No,32
INV101369,2026-05-05,EDI,C03,Raw materials,2.0,No,26
INV101370,2026-05-05,EDI,C11,Services,3.8,No,33
INV101371,2026-05-05,Email-PDF,C05,MRO,9.0,No,31
INV101372,2026-05-05,Email-PDF,C05,Raw materials,7.1,No,23
INV101373,2026-05-05,Email-PDF,C05,MRO,7.0,No,30
INV101374,2026-05-05,Portal,C05,Utilities,4.9,No,26
INV101375,2026-05-05,EDI,C04,MRO,2.2,No,28
INV101376,2026-05-05,Portal,C06,Utilities,2.7,No,21
INV101377,2026-05-06,Email-PDF,C03,MRO,9.2,Yes,34
INV101378,2026-05-06,EDI,C08,MRO,1.6,No,29
INV101379,2026-05-06,EDI,C11,Raw materials,2.2,No,22
INV101380,2026-05-06,Portal,C11,Raw materials,6.3,No,42
INV101381,2026-05-06,Paper-scan,C02,Services,14.2,No,39
INV101382,2026-05-06,Portal,C04,MRO,3.6,No,30
INV101383,2026-05-06,Paper-scan,C02,Utilities,12.1,No,16
INV101384,2026-05-06,Portal,C08,Services,8.3,No,37
INV101385,2026-05-06,Paper-scan,C01,Services,9.3,No,32
INV101386,2026-05-06,Paper-scan,C05,MRO,4.4,No,27
INV101387,2026-05-07,Paper-scan,C09,Services,11.2,No,33
INV101388,2026-05-07,EDI,C02,Freight,5.5,No,21
INV101389,2026-05-07,Email-PDF,C01,MRO,7.0,Yes,44
INV101390,2026-05-07,Email-PDF,C07,Freight,5.6,No,28
INV101391,2026-05-07,Email-PDF,C04,MRO,8.1,No,28
INV101392,2026-05-07,EDI,C12,Freight,2.5,No,21
INV101393,2026-05-07,EDI,C12,MRO,2.6,No,33
INV101394,2026-05-07,Email-PDF,C09,MRO,7.8,No,35
INV101395,2026-05-07,EDI,C10,Raw materials,1.4,No,37
INV101396,2026-05-07,Email-PDF,C01,Services,10.6,No,42
INV101397,2026-05-07,Email-PDF,C01,MRO,4.2,No,25
INV101398,2026-05-07,Email-PDF,C12,MRO,4.7,No,32
INV101399,2026-05-07,Portal,C10,Services,13.3,No,38
INV101400,2026-05-07,Email-PDF,C01,Services,10.5,No,40
INV101401,2026-05-07,Email-PDF,C07,Services,10.6,No,42
INV101402,2026-05-07,Portal,C06,Raw materials,5.1,No,25
INV101403,2026-05-07,Portal,C09,Raw materials,3.6,No,29
INV101404,2026-05-07,Email-PDF,C08,Raw materials,7.6,No,32
INV101405,2026-05-08,Portal,C09,Freight,6.5,No,28
INV101406,2026-05-08,Portal,C04,Raw materials,3.9,No,28
INV101407,2026-05-08,Portal,C11,Raw materials,2.4,No,28
INV101408,2026-05-08,EDI,C10,Raw materials,2.4,No,24
INV101409,2026-05-08,EDI,C09,MRO,2.2,No,30
INV101410,2026-05-08,EDI,C05,Services,3.8,No,35
INV101411,2026-05-08,Portal,C07,MRO,4.0,Yes,29
INV101412,2026-05-08,Email-PDF,C04,MRO,7.5,No,29
INV101413,2026-05-08,Email-PDF,C10,Services,8.3,No,38
INV101414,2026-05-08,EDI,C01,Freight,2.6,No,24
INV101415,2026-05-08,Paper-scan,C09,Raw materials,7.7,No,32
INV101416,2026-05-08,Portal,C01,Raw materials,3.5,No,21
INV101417,2026-05-08,Email-PDF,C05,Raw materials,5.1,No,30
INV101418,2026-05-08,Paper-scan,C04,MRO,5.9,No,28
INV101419,2026-05-08,EDI,C09,MRO,2.4,No,31
INV101420,2026-05-08,Email-PDF,C09,Raw materials,5.8,No,26
INV101421,2026-05-08,EDI,C04,MRO,1.4,No,29
INV101422,2026-05-08,Portal,C01,Services,9.2,No,39
INV101423,2026-05-08,Paper-scan,C03,Services,16.6,No,42
INV101424,2026-05-11,EDI,C05,Raw materials,2.3,No,22
INV101425,2026-05-11,Portal,C04,Raw materials,6.0,No,33
INV101426,2026-05-11,EDI,C01,Freight,3.0,No,24
INV101427,2026-05-11,EDI,C03,Raw materials,4.5,No,17
INV101428,2026-05-11,Portal,C05,MRO,4.1,No,29
INV101429,2026-05-11,Paper-scan,C12,Services,9.9,No,46
INV101430,2026-05-11,Email-PDF,C03,MRO,6.5,No,35
INV101431,2026-05-11,Paper-scan,C09,Services,10.5,No,30
INV101432,2026-05-11,Portal,C03,Freight,6.2,No,26
INV101433,2026-05-11,EDI,C03,Utilities,1.4,No,23
INV101434,2026-05-11,Portal,C03,Freight,5.6,No,20
INV101435,2026-05-11,Paper-scan,C11,MRO,14.0,No,23
INV101436,2026-05-11,EDI,C04,Freight,2.5,No,34
INV101437,2026-05-11,Portal,C10,Raw materials,3.0,No,34
INV101438,2026-05-11,Portal,C12,Freight,3.9,No,21
INV101439,2026-05-11,Email-PDF,C11,Services,6.4,Yes,44
INV101440,2026-05-11,Email-PDF,C07,Raw materials,5.0,Yes,40
INV101441,2026-05-11,Portal,C12,MRO,7.1,No,20
INV101442,2026-05-11,Email-PDF,C05,Raw materials,7.0,No,28
INV101443,2026-05-11,Portal,C02,Services,5.9,No,33
INV101444,2026-05-12,Paper-scan,C09,MRO,11.0,No,22
INV101445,2026-05-12,Portal,C04,Freight,6.2,No,32
INV101446,2026-05-12,Portal,C12,MRO,3.1,No,36
INV101447,2026-05-12,Portal,C08,Raw materials,4.0,No,24
INV101448,2026-05-12,EDI,C01,Raw materials,1.7,No,32
INV101449,2026-05-12,Portal,C02,Freight,6.6,No,18
INV101450,2026-05-12,Portal,C11,Raw materials,4.2,Yes,29
INV101451,2026-05-12,Paper-scan,C08,Raw materials,11.5,No,29
INV101452,2026-05-12,EDI,C12,Raw materials,1.8,No,34
INV101453,2026-05-12,Email-PDF,C02,MRO,7.6,No,26
INV101454,2026-05-12,Email-PDF,C12,MRO,7.7,No,30
INV101455,2026-05-12,EDI,C07,Utilities,1.9,No,25
INV101456,2026-05-12,Portal,C01,Services,6.7,No,42
INV101457,2026-05-12,Email-PDF,C10,Services,8.5,No,40
INV101458,2026-05-12,Paper-scan,C01,Freight,8.8,No,24
INV101459,2026-05-13,Portal,C07,Raw materials,6.2,No,33
INV101460,2026-05-13,Portal,C05,Services,8.4,No,37
INV101461,2026-05-13,Paper-scan,C08,MRO,9.1,No,24
INV101462,2026-05-13,Email-PDF,C12,MRO,7.3,No,27
INV101463,2026-05-13,Email-PDF,C09,MRO,10.5,No,40
INV101464,2026-05-13,Portal,C04,MRO,2.9,No,28
INV101465,2026-05-13,Portal,C09,Services,8.1,No,32
INV101466,2026-05-13,EDI,C09,MRO,2.9,Yes,38
INV101467,2026-05-13,Email-PDF,C10,Utilities,6.1,No,25
INV101468,2026-05-13,Portal,C10,Raw materials,4.0,No,24
INV101469,2026-05-13,Paper-scan,C06,Raw materials,6.1,No,34
INV101470,2026-05-13,EDI,C06,Raw materials,2.5,No,21
INV101471,2026-05-13,Portal,C06,Raw materials,2.9,Yes,42
INV101472,2026-05-13,Email-PDF,C11,Utilities,7.3,No,21
INV101473,2026-05-13,Email-PDF,C11,Raw materials,12.5,No,18
INV101474,2026-05-14,Portal,C06,Raw materials,4.4,No,28
INV101475,2026-05-14,EDI,C03,Utilities,2.2,No,21
INV101476,2026-05-14,Paper-scan,C05,Raw materials,7.5,No,18
INV101477,2026-05-14,Paper-scan,C09,Freight,10.7,No,24
INV101478,2026-05-14,EDI,C03,Freight,,No,31
INV101479,2026-05-14,Email-PDF,C12,MRO,5.3,No,33
INV101480,2026-05-14,Portal,C12,Services,5.0,No,36
INV101481,2026-05-14,Portal,C02,Services,6.3,No,35
INV101482,2026-05-14,Paper-scan,C08,Services,11.3,Yes,43
INV101483,2026-05-14,EDI,C02,Freight,4.0,No,26
INV101484,2026-05-14,Email-PDF,C01,Freight,7.1,No,28
INV101485,2026-05-14,Portal,C06,Services,7.1,No,40
INV101486,2026-05-14,Portal,C12,Services,8.9,No,33
INV101487,2026-05-14,Paper-scan,C08,Freight,7.0,No,18
INV101488,2026-05-14,EDI,C12,Raw materials,1.8,No,29
INV101489,2026-05-14,EDI,C07,Services,5.2,No,39
INV101490,2026-05-14,Email-PDF,C02,Utilities,10.0,No,19
INV101491,2026-05-15,Email-PDF,C04,Freight,8.2,Yes,22
INV101492,2026-05-15,Email-PDF,C04,Raw materials,6.8,No,27
INV101493,2026-05-15,Email-PDF,C02,Raw materials,5.6,No,30
INV101494,2026-05-15,Portal,C01,Raw materials,6.3,Yes,35
INV101495,2026-05-15,Portal,C01,Utilities,4.8,No,21
INV101496,2026-05-15,EDI,C04,MRO,2.7,No,26
INV101497,2026-05-15,Paper-scan,C09,Raw materials,8.1,No,27
INV101498,2026-05-15,Email-PDF,C02,MRO,6.3,No,33
INV101499,2026-05-15,Email-PDF,C07,Raw materials,5.9,No,34
INV101500,2026-05-15,Email-PDF,C09,Raw materials,,No,28
INV101501,2026-05-18,Portal,C08,MRO,4.1,No,20
INV101502,2026-05-18,Email-PDF,C06,Utilities,6.4,No,12
INV101503,2026-05-18,Paper-scan,C01,Freight,7.7,No,25
INV101504,2026-05-18,Email-PDF,C02,Raw materials,7.4,Yes,36
INV101505,2026-05-18,Email-PDF,C08,Utilities,5.0,No,22
INV101506,2026-05-18,EDI,C02,MRO,2.6,No,28
INV101507,2026-05-18,Portal,C11,Freight,6.0,No,25
INV101508,2026-05-18,EDI,C06,MRO,1.8,No,26
INV101509,2026-05-18,Paper-scan,C12,Freight,8.2,No,32
INV101510,2026-05-18,Portal,C08,Utilities,3.4,No,30
INV101511,2026-05-18,Email-PDF,C09,Services,9.3,No,39
INV101512,2026-05-18,EDI,C12,Raw materials,2.5,No,25
INV101513,2026-05-18,Portal,C12,Raw materials,4.8,No,27
INV101514,2026-05-18,Paper-scan,C08,Raw materials,7.3,No,32
INV101515,2026-05-18,Paper-scan,C09,Raw materials,14.3,No,34
INV101516,2026-05-18,EDI,C06,Raw materials,1.4,No,21
INV101517,2026-05-18,Email-PDF,C05,MRO,7.2,No,34
INV101518,2026-05-18,Portal,C02,Raw materials,5.0,No,30
INV101519,2026-05-18,Portal,C11,Services,5.5,No,32
INV101520,2026-05-18,EDI,C02,MRO,1.3,No,37
INV101521,2026-05-18,Paper-scan,C05,Raw materials,10.7,No,33
INV101522,2026-05-18,Email-PDF,C05,Utilities,6.9,No,17
INV101523,2026-05-19,EDI,C06,Raw materials,1.7,Yes,40
INV101524,2026-05-19,EDI,C11,Raw materials,1.1,No,39
INV101525,2026-05-19,Paper-scan,C12,Raw materials,5.7,No,31
INV101526,2026-05-19,EDI,C05,MRO,2.2,No,28
INV101527,2026-05-19,Portal,C07,Services,5.9,No,31
INV101528,2026-05-19,EDI,C09,Freight,3.4,No,34
INV101529,2026-05-19,Email-PDF,C06,Raw materials,6.1,No,24
INV101530,2026-05-19,Email-PDF,C05,MRO,5.1,Yes,38
INV101531,2026-05-19,EDI,C09,Services,4.8,No,30
INV101532,2026-05-19,Portal,C11,MRO,2.7,No,28
INV101533,2026-05-19,Portal,C12,Raw materials,4.8,No,16
INV101534,2026-05-19,EDI,C09,Services,3.6,No,42
INV101535,2026-05-19,Paper-scan,C12,Raw materials,7.6,No,23
INV101536,2026-05-20,Portal,C02,Services,10.4,No,39
INV101537,2026-05-20,Paper-scan,C08,Raw materials,10.2,No,24
INV101538,2026-05-20,Portal,C01,Services,6.0,Yes,44
INV101539,2026-05-20,EDI,C09,Raw materials,2.5,No,24
INV101540,2026-05-20,Email-PDF,C04,Freight,7.5,No,24
INV101541,2026-05-20,Portal,C07,MRO,4.0,No,28
INV101542,2026-05-20,EDI,C01,Utilities,1.2,No,20
INV101543,2026-05-20,EDI,C10,Freight,2.9,No,17
INV101544,2026-05-20,Paper-scan,C04,Raw materials,12.1,No,21
INV101545,2026-05-20,Portal,C09,MRO,4.2,No,32
INV101546,2026-05-20,EDI,C09,MRO,1.3,No,32
INV101547,2026-05-20,Email-PDF,C05,Freight,5.3,No,12
INV101548,2026-05-20,Portal,C06,Raw materials,4.4,No,33
INV101549,2026-05-20,EDI,C09,MRO,1.4,No,30
INV101550,2026-05-20,Paper-scan,C03,Raw materials,9.1,No,30
INV101551,2026-05-21,EDI,C08,Freight,3.2,No,26
INV101552,2026-05-21,Portal,C02,Raw materials,4.4,No,30
INV101553,2026-05-21,EDI,C09,Utilities,3.5,No,23
INV101554,2026-05-21,EDI,C07,Raw materials,1.1,No,34
INV101555,2026-05-21,Email-PDF,C04,Raw materials,5.9,No,27
INV101556,2026-05-21,Paper-scan,C05,Services,13.1,Yes,50
INV101557,2026-05-21,EDI,C07,MRO,2.5,No,29
INV101558,2026-05-21,EDI,C08,Raw materials,2.6,No,22
INV101559,2026-05-21,EDI,C05,Raw materials,2.6,No,29
INV101560,2026-05-21,Paper-scan,C02,Services,9.3,No,36
INV101561,2026-05-21,EDI,C07,Services,4.9,No,47
INV101562,2026-05-21,Paper-scan,C03,MRO,7.1,No,36
INV101563,2026-05-21,Email-PDF,C06,Raw materials,10.6,No,38
INV101564,2026-05-22,Portal,C02,MRO,4.3,No,28
INV101565,2026-05-22,Portal,C10,Raw materials,3.0,No,28
INV101566,2026-05-22,Email-PDF,C06,Utilities,7.2,No,22
INV101567,2026-05-22,Email-PDF,C04,Raw materials,9.7,No,29
INV101568,2026-05-22,Email-PDF,C02,Raw materials,6.1,Yes,32
INV101569,2026-05-22,Paper-scan,C04,Raw materials,7.1,No,27
INV101570,2026-05-22,EDI,C08,MRO,2.4,n,28
INV101571,2026-05-22,Portal,C06,Services,5.0,No,31
INV101572,2026-05-22,Portal,C07,Raw materials,5.2,No,43
INV101573,2026-05-22,Portal,C07,MRO,2.9,No,31
INV101574,2026-05-22,Email-PDF,C09,MRO,10.7,No,37
INV101575,2026-05-22,EDI,C08,MRO,1.1,No,19
INV101576,2026-05-22,Email-PDF,C07,Services,10.8,No,40
INV101577,2026-05-22,EDI,C12,Services,7.4,No,36
INV101578,2026-05-22,EDI,C07,Services,4.1,No,35
INV101579,2026-05-22,Portal,C09,Raw materials,4.5,No,34
INV101580,2026-05-22,Paper-scan,C03,Raw materials,6.1,No,31
INV101581,2026-05-22,Email-PDF,C06,MRO,4.1,No,28
INV101582,2026-05-22,Portal,C12,Raw materials,4.8,No,33
INV101583,2026-05-22,Portal,C05,Utilities,3.7,No,24
INV101584,2026-05-22,Portal,C04,MRO,5.8,No,36
INV101585,2026-05-22,EDI,C08,Raw materials,1.9,No,30
INV101586,2026-05-22,EDI,C02,Services,3.6,No,32
INV101587,2026-05-22,Paper-scan,C07,Raw materials,4.3,Yes,45
INV101588,2026-05-25,EDI,C02,Utilities,2.4,No,30
INV101589,2026-05-25,Portal,C07,Raw materials,3.6,No,23
INV101590,2026-05-25,Email-PDF,C06,Raw materials,9.5,Yes,34
INV101591,2026-05-25,EDI,C12,Raw materials,2.3,No,27
INV101592,2026-05-25,Email-PDF,C09,Freight,8.7,No,21
INV101593,2026-05-25,Paper-scan,C03,MRO,9.0,No,30
INV101594,2026-05-25,Portal,C09,Utilities,3.8,No,30
INV101595,2026-05-25,Portal,C01,Raw materials,3.9,No,26
INV101596,2026-05-25,Portal,C09,Freight,4.0,No,22
INV101597,2026-05-25,Email-PDF,C10,Raw materials,4.4,No,25
INV101598,2026-05-25,Email-PDF,C08,MRO,4.0,No,25
INV101599,2026-05-25,EDI,C10,Raw materials,2.2,No,24
INV101600,2026-05-25,Portal,C02,MRO,6.4,No,21
INV101601,2026-05-25,Email-PDF,C01,Services,5.7,No,39
INV101602,2026-05-25,EDI,C10,MRO,1.9,No,30
INV101603,2026-05-25,EDI,C10,Services,7.4,No,
INV101604,2026-05-25,Portal,C03,Services,7.0,No,34
INV101605,2026-05-25,Portal,C05,Raw materials,5.9,No,26
INV101606,2026-05-25,Portal,C12,Raw materials,5.4,No,26
INV101607,2026-05-25,Email-PDF,C03,Raw materials,4.2,No,36
INV101608,2026-05-25,Email-PDF,C02,Raw materials,6.3,No,29
INV101609,2026-05-26,EDI,C09,Raw materials,1.7,No,32
INV101610,2026-05-26,EDI,C06,MRO,3.0,No,29
INV101611,2026-05-26,Paper-scan,C06,MRO,12.0,No,21
INV101612,2026-05-26,EDI,C01,Freight,3.4,No,30
INV101613,2026-05-26,Email-PDF,C04,Services,10.2,Yes,45
INV101614,2026-05-26,EDI,C07,Freight,1.7,No,24
INV101615,2026-05-26,Portal,C12,Services,6.6,No,35
INV101616,2026-05-26,Portal,C11,MRO,5.7,No,33
INV101617,2026-05-27,EDI,C04,Raw materials,2.1,No,34
INV101618,2026-05-27,Paper-scan,C07,Freight,11.2,No,17
INV101619,2026-05-27,Portal,C09,Services,4.8,No,31
INV101620,2026-05-27,Portal,C05,MRO,3.8,No,25
INV101621,2026-05-27,EDI,C10,Raw materials,3.6,No,31
INV101622,2026-05-27,Portal,C11,MRO,5.8,No,26
INV101623,2026-05-27,Portal,C12,Raw materials,6.4,No,26
INV101624,2026-05-27,Portal,C09,MRO,3.7,No,35
INV101625,2026-05-27,Portal,C07,MRO,4.7,Yes,34
INV101626,2026-05-27,Email-PDF,C09,MRO,4.6,No,23
INV101627,2026-05-27,Email-PDF,C01,Services,13.2,No,29
INV101628,2026-05-27,Portal,C03,Freight,5.1,No,15
INV101629,2026-05-27,Email-PDF,C09,Services,9.0,No,
INV101630,2026-05-27,Portal,C06,Raw materials,2.1,No,26
INV101631,2026-05-27,Email-PDF,C04,Raw materials,6.1,Yes,37
INV101632,2026-05-27,Portal,C03,Utilities,3.4,No,23
INV101633,2026-05-27,Portal,C06,Services,6.1,No,37
INV101634,2026-05-27,EDI,C06,Raw materials,1.9,No,32
INV101635,2026-05-27,EDI,C10,Raw materials,2.3,No,20
INV101636,2026-05-27,Paper-scan,C08,Utilities,4.6,No,17
INV101637,2026-05-27,Paper-scan,C04,MRO,7.6,No,35
INV101638,2026-05-28,EDI,C08,Raw materials,1.8,No,27
INV101639,2026-05-28,Paper-scan,C12,Services,9.2,No,41
INV101640,2026-05-28,Paper-scan,C02,Services,12.8,No,43
INV101641,2026-05-28,Portal,C12,Raw materials,3.5,No,23
INV101642,2026-05-28,Portal,C05,Services,9.9,Yes,35
INV101643,2026-05-28,Email-PDF,C10,Raw materials,4.4,No,27
INV101644,2026-05-28,Email-PDF,C09,Services,6.8,No,32
INV101645,2026-05-28,Paper-scan,C08,MRO,7.2,No,35
INV101646,2026-05-28,Portal,C05,Freight,4.2,No,28
INV101647,2026-05-28,Email-PDF,C10,Services,10.8,No,29
INV101648,2026-05-28,Portal,C10,Raw materials,3.4,No,24
INV101649,2026-05-28,Email-PDF,C08,Utilities,6.7,Yes,32
INV101650,2026-05-28,EDI,C06,Services,5.9,No,
INV101651,2026-05-29,Email-PDF,C07,Freight,7.3,No,27
INV101652,2026-05-29,Email-PDF,C03,Raw materials,7.9,No,35
INV101653,2026-05-29,Email-PDF,C04,Services,7.5,No,35
INV101654,2026-05-29,Portal,C03,MRO,2.7,No,28
INV101655,2026-05-29,EDI,C06,Raw materials,1.7,No,29
INV101656,2026-05-29,EDI,C10,Services,5.7,No,33
INV101657,2026-05-29,Portal,C11,Services,4.9,No,35
INV101658,2026-05-29,Portal,C03,Services,3.5,No,28
INV101659,2026-05-29,Email-PDF,C12,Raw materials,8.8,No,28
INV101660,2026-05-29,Email-PDF,C02,Freight,4.2,No,25
INV101661,2026-05-29,Portal,C10,Services,6.9,No,39
INV101662,2026-05-29,Portal,C08,Raw materials,5.1,No,31
INV101663,2026-05-29,Email-PDF,C09,Utilities,5.1,No,23
INV101664,2026-05-29,Portal,C10,Services,3.5,No,36
INV101665,2026-05-29,Portal,C05,MRO,4.3,No,36
INV101666,2026-05-29,EDI,C11,MRO,1.9,No,30
INV101667,2026-05-29,Portal,C04,Raw materials,4.9,No,30
INV101668,2026-05-29,Paper-scan,C12,Utilities,8.5,No,21
INV101669,2026-06-01,EDI,C11,MRO,1.9,No,31
INV101670,2026-06-01,Portal,C01,Services,8.5,No,33
INV101671,2026-06-01,Portal,C07,Utilities,4.8,No,31
INV101672,2026-06-01,Email-PDF,C04,MRO,5.8,No,36
INV101673,2026-06-01,Paper-scan,C08,Raw materials,5.2,No,33
INV101674,2026-06-01,Portal,C01,MRO,3.6,n,33
INV101675,2026-06-01,EDI,C11,Services,,No,36
INV101676,2026-06-01,EDI,C08,Raw materials,1.9,No,31
INV101677,2026-06-01,Portal,C08,Raw materials,3.6,No,31
INV101678,2026-06-01,Email-PDF,C02,Raw materials,2.0,No,32
INV101679,2026-06-01,Email-PDF,C12,Raw materials,9.8,No,24
INV101680,2026-06-01,Portal,C07,MRO,4.5,No,28
INV101681,2026-06-01,Portal,C10,MRO,3.1,No,29
INV101682,2026-06-01,Email-PDF,C03,Freight,7.7,No,28
INV101683,2026-06-01,Email-PDF,C10,Freight,9.4,No,27
INV101684,2026-06-02,Portal,C09,Raw materials,4.3,No,22
INV101685,2026-06-02,EDI,C09,Raw materials,1.5,No,29
INV101686,2026-06-02,EDI,C01,MRO,2.1,No,29
INV101687,2026-06-02,Portal,C05,Freight,4.9,No,25
INV101688,2026-06-02,Paper-scan,C02,MRO,7.5,No,29
INV101689,2026-06-02,Portal,C10,Freight,4.4,No,28
INV101690,2026-06-02,EDI,C05,MRO,2.0,No,23
INV101691,2026-06-02,Portal,C12,Raw materials,5.3,No,27
INV101692,2026-06-02,Email-PDF,C08,MRO,7.4,No,37
INV101693,2026-06-02,EDI,C03,Services,4.7,No,30
INV101694,2026-06-02,EDI,C02,Raw materials,2.8,No,32
INV101695,2026-06-02,Email-PDF,C11,Raw materials,6.0,No,25
INV101696,2026-06-02,EDI,C02,MRO,2.9,No,24
INV101697,2026-06-02,Portal,C04,MRO,5.2,No,33
INV101698,2026-06-02,Email-PDF,C11,MRO,7.3,No,33
INV101699,2026-06-02,Email-PDF,C01,Raw materials,5.1,No,26
INV101700,2026-06-03,Portal,C03,Raw materials,3.3,No,
INV101701,2026-06-03,Email-PDF,C12,MRO,6.3,No,26
INV101702,2026-06-03,Portal,C11,Services,8.9,No,
INV101703,2026-06-03,Paper-scan,C09,Raw materials,6.1,No,
INV101704,2026-06-03,EDI,C12,MRO,1.6,No,34
INV101705,2026-06-03,Portal,C06,MRO,3.0,No,22
INV101706,2026-06-03,Paper-scan,C08,Freight,15.1,No,30
INV101707,2026-06-03,Portal,C04,MRO,4.2,No,30
INV101708,2026-06-03,Paper-scan,C03,Services,6.1,No,33
INV101709,2026-06-03,Portal,C08,MRO,3.5,No,29
INV101710,2026-06-03,Portal,C04,Freight,3.3,No,15
INV101711,2026-06-03,EDI,C04,Raw materials,3.3,No,17
INV101712,2026-06-03,Portal,C01,MRO,5.0,No,31
INV101713,2026-06-03,Email-PDF,C10,Raw materials,9.3,No,25
INV101714,2026-06-03,Portal,C06,Raw materials,3.0,No,36
INV101715,2026-06-03,Email-PDF,C08,Raw materials,8.7,No,24
INV101716,2026-06-03,Portal,C10,Raw materials,3.1,No,
INV101717,2026-06-04,Email-PDF,C08,Raw materials,9.2,No,33
INV101718,2026-06-04,Portal,C06,Freight,4.2,No,35
INV101719,2026-06-04,Email-PDF,C03,MRO,6.6,No,28
INV101720,2026-06-04,Portal,C11,MRO,6.1,No,18
INV101721,2026-06-04,Email-PDF,C10,Freight,6.3,No,23
INV101722,2026-06-04,EDI,C03,MRO,1.9,No,28
INV101723,2026-06-04,Portal,C06,Raw materials,9.2,No,29
INV101724,2026-06-04,Portal,C03,Raw materials,6.0,No,29
INV101725,2026-06-04,Portal,C03,Services,6.2,No,32
INV101726,2026-06-04,Portal,C08,Raw materials,5.2,Yes,
INV101727,2026-06-04,EDI,C10,Raw materials,1.3,No,32
INV101728,2026-06-04,Portal,C04,Raw materials,3.4,No,26
INV101729,2026-06-04,Paper-scan,C03,Services,7.4,No,31
INV101730,2026-06-04,Portal,C06,MRO,4.3,No,35
INV101731,2026-06-04,Email-PDF,C01,Utilities,6.2,No,27
INV101732,2026-06-05,Portal,C09,MRO,4.6,No,25
INV101733,2026-06-05,Portal,C03,Raw materials,3.2,No,23
INV101734,2026-06-05,EDI,C06,MRO,2.4,No,
INV101735,2026-06-05,Email-PDF,C12,Utilities,6.4,No,20
INV101736,2026-06-05,Paper-scan,C09,Services,8.5,Yes,
INV101737,2026-06-05,Paper-scan,C02,Raw materials,7.3,No,23
INV101738,2026-06-05,Portal,C10,Services,5.4,No,
INV101739,2026-06-05,Portal,C08,Services,9.9,No,28
INV101740,2026-06-05,Portal,C08,Utilities,4.1,No,27
INV101741,2026-06-05,Email-PDF,C12,Utilities,3.9,No,20
INV101742,2026-06-05,EDI,C10,Services,8.5,No,
INV101743,2026-06-05,EDI,C12,Raw materials,2.0,No,25
INV101744,2026-06-05,Paper-scan,C06,MRO,7.9,No,35
INV101745,2026-06-05,Portal,C07,Utilities,2.6,No,28
INV101746,2026-06-05,Email-PDF,C11,Services,13.8,No,34
INV101747,2026-06-08,Portal,C09,MRO,3.0,No,31
INV101748,2026-06-08,Portal,C03,Raw materials,5.3,No,29
INV101749,2026-06-08,Paper-scan,C07,Freight,14.7,No,24
INV101750,2026-06-08,Portal,C10,MRO,3.6,No,24
INV101751,2026-06-08,Email-PDF,C11,MRO,5.5,No,25
INV101752,2026-06-08,Portal,C05,Services,7.6,No,
INV101753,2026-06-08,EDI,C12,Raw materials,3.3,No,19
INV101754,2026-06-08,EDI,C07,Services,3.1,No,
INV101755,2026-06-08,Portal,C04,MRO,3.3,No,
INV101756,2026-06-08,EDI,C03,Raw materials,1.9,No,25
INV101757,2026-06-08,Portal,C03,Utilities,6.7,No,20
INV101758,2026-06-08,Portal,C05,Utilities,9.0,Yes,32
INV101759,2026-06-08,EDI,C05,Raw materials,1.1,No,29
INV101760,2026-06-08,Paper-scan,C05,MRO,16.3,No,
INV101761,2026-06-08,Portal,C12,Services,5.3,No,
INV101762,2026-06-08,Portal,C04,MRO,2.9,No,26
INV101763,2026-06-08,Portal,C11,Raw materials,5.1,No,29
INV101764,2026-06-08,Portal,C10,Raw materials,3.4,No,28
INV101765,2026-06-08,EDI,C04,Raw materials,2.3,No,26
INV101766,2026-06-09,Portal,C07,Services,6.4,No,
INV101767,2026-06-09,Portal,C02,MRO,2.9,Yes,
INV101768,2026-06-09,EDI,C06,Raw materials,2.0,No,20
INV101769,2026-06-09,Email-PDF,C08,MRO,6.7,No,24
INV101770,2026-06-09,Email-PDF,C05,Freight,7.0,No,
INV101771,2026-06-09,Portal,C05,Raw materials,5.6,No,23
INV101772,2026-06-09,Portal,C06,Services,8.7,No,
INV101773,2026-06-09,Email-PDF,C10,Raw materials,,No,26
INV101774,2026-06-09,Paper-scan,C11,Freight,8.5,No,
INV101775,2026-06-09,Email-PDF,C09,Raw materials,3.5,No,29
INV101776,2026-06-09,Email-PDF,C05,MRO,8.2,No,
INV101777,2026-06-09,EDI,C08,MRO,1.2,No,
INV101778,2026-06-09,Paper-scan,C09,MRO,9.2,No,25
INV101779,2026-06-09,Paper-scan,C07,Services,12.0,No,
INV101780,2026-06-10,Email-PDF,C09,Raw materials,6.1,No,27
INV101781,2026-06-10,EDI,C08,Utilities,1.8,No,27
INV101782,2026-06-10,Paper-scan,C07,Services,13.9,No,
INV101783,2026-06-10,Portal,C07,MRO,5.0,Yes,
INV101784,2026-06-10,Portal,C02,Raw materials,4.3,No,28
INV101785,2026-06-10,Paper-scan,C05,Raw materials,6.5,No,22
INV101786,2026-06-10,Portal,C09,Raw materials,2.7,No,25
INV101787,2026-06-10,EDI,C05,Raw materials,4.6,No,29
INV101788,2026-06-10,Portal,C08,Raw materials,2.8,No,23
INV101789,2026-06-10,Portal,C09,Services,4.0,No,
INV101790,2026-06-10,EDI,C10,Raw materials,2.6,No,
INV101791,2026-06-10,Portal,C03,Raw materials,4.4,No,17
INV101792,2026-06-11,Portal,C06,Raw materials,4.7,No,24
INV101793,2026-06-11,Portal,C02,Freight,4.0,No,20
INV101794,2026-06-11,Paper-scan,C09,MRO,9.0,No,
INV101795,2026-06-11,Portal,C07,Services,6.2,No,
INV101796,2026-06-11,EDI,C10,Raw materials,3.1,No,
INV101797,2026-06-11,Email-PDF,C12,Services,8.6,No,
INV101798,2026-06-11,Portal,C10,Raw materials,4.1,No,28
INV101799,2026-06-11,EDI,C06,Utilities,1.9,No,18
INV101800,2026-06-11,Portal,C07,Services,6.0,No,
INV101801,2026-06-11,EDI,C10,MRO,1.5,No,29
INV101802,2026-06-11,Portal,C05,Raw materials,3.2,No,29
INV101803,2026-06-11,Email-PDF,C02,MRO,7.0,No,
INV101804,2026-06-11,Portal,C05,Raw materials,3.2,No,
INV101805,2026-06-12,Email-PDF,C09,Raw materials,8.0,No,28
INV101806,2026-06-12,EDI,C06,Raw materials,2.7,No,25
INV101807,2026-06-12,Email-PDF,C03,Services,7.6,No,
INV101808,2026-06-12,Paper-scan,C06,Raw materials,12.2,No,26
INV101809,2026-06-12,Paper-scan,C03,Freight,7.5,No,23
INV101810,2026-06-12,Paper-scan,C06,Raw materials,5.5,Yes,
INV101811,2026-06-12,Portal,C09,Raw materials,4.9,No,
INV101812,2026-06-12,Paper-scan,C03,MRO,5.1,No,
INV101813,2026-06-12,Portal,C07,Raw materials,4.2,No,24
INV101814,2026-06-12,Portal,C02,Raw materials,3.7,No,
INV101815,2026-06-12,Paper-scan,C04,Services,9.3,No,
INV101816,2026-06-12,Email-PDF,C04,Raw materials,3.9,No,27
INV101817,2026-06-12,EDI,C08,Freight,1.9,No,
INV101818,2026-06-12,Portal,C10,Freight,4.8,No,
INV101819,2026-06-12,Portal,C11,Freight,3.7,No,26
INV101820,2026-06-12,Portal,C12,Raw materials,7.1,No,23
INV101821,2026-06-12,Email-PDF,C09,Raw materials,4.8,No,25
INV101822,2026-06-15,Email-PDF,C08,Raw materials,4.8,No,
INV101823,2026-06-15,Email-PDF,C12,Services,10.3,No,
INV101824,2026-06-15,Paper-scan,C12,Raw materials,8.6,No,
INV101825,2026-06-15,Portal,C12,Raw materials,6.3,No,
INV101826,2026-06-15,Email-PDF,C05,Utilities,6.0,No,
INV101827,2026-06-15,Portal,C02,MRO,3.5,No,
INV101828,2026-06-15,Portal,C05,Services,5.0,No,
INV101829,2026-06-15,Portal,C12,Freight,7.7,No,18
INV101830,2026-06-15,Portal,C03,Freight,6.8,No,
INV101831,2026-06-15,Portal,C10,Raw materials,2.6,No,
INV101832,2026-06-15,Email-PDF,C10,MRO,6.2,No,
INV101833,2026-06-15,EDI,C01,Freight,3.3,No,
INV101834,2026-06-15,Portal,C11,MRO,2.7,No,
INV101835,2026-06-15,Email-PDF,C08,Freight,4.0,No,
INV101836,2026-06-16,Email-PDF,C12,Services,8.2,No,
INV101837,2026-06-16,Email-PDF,C07,Freight,7.6,No,
INV101838,2026-06-16,Portal,C05,Raw materials,5.0,No,24
INV101839,2026-06-16,Email-PDF,C10,Services,7.7,No,
INV101840,2026-06-16,Email-PDF,C04,Freight,5.7,No,
INV101841,2026-06-16,Portal,C06,MRO,4.8,No,24
INV101842,2026-06-16,Portal,C12,Utilities,2.9,No,
INV101843,2026-06-16,Portal,C08,MRO,3.2,No,24
INV101844,2026-06-16,EDI,C05,Freight,3.7,No,
INV101845,2026-06-16,Paper-scan,C06,Raw materials,7.5,No,
INV101846,2026-06-16,EDI,C10,Freight,3.1,No,
INV101847,2026-06-16,Paper-scan,C09,Services,7.7,No,
INV101848,2026-06-16,Paper-scan,C04,Raw materials,4.9,No,24
INV101849,2026-06-16,EDI,C08,Services,4.0,No,
INV101850,2026-06-16,Paper-scan,C02,MRO,11.7,No,
INV101851,2026-06-16,Portal,C07,Raw materials,3.0,Yes,
INV101852,2026-06-16,Email-PDF,C09,Freight,5.6,No,
INV101853,2026-06-17,Paper-scan,C05,Services,10.2,No,
INV101854,2026-06-17,EDI,C02,Raw materials,1.9,No,
INV101855,2026-06-17,Email-PDF,C11,Utilities,5.9,Yes,
INV101856,2026-06-17,Email-PDF,C04,Raw materials,,No,
INV101857,2026-06-17,EDI,C05,MRO,1.5,No,
INV101858,2026-06-17,Email-PDF,C03,Raw materials,4.4,No,
INV101859,2026-06-17,EDI,C02,Raw materials,1.6,No,
INV101860,2026-06-17,Portal,C03,Services,8.7,Yes,
INV101861,2026-06-17,Email-PDF,C08,Raw materials,7.3,No,21
INV101862,2026-06-17,EDI,C11,Raw materials,2.4,No,20
INV101863,2026-06-17,Email-PDF,C09,Services,5.3,No,
INV101864,2026-06-17,Paper-scan,C06,Services,9.3,No,
INV101865,2026-06-17,Email-PDF,C02,Raw materials,6.9,No,
INV101866,2026-06-17,Email-PDF,C12,Services,8.6,No,
INV101867,2026-06-17,Portal,C06,MRO,5.8,No,
INV101868,2026-06-17,Email-PDF,C11,Raw materials,6.1,No,
INV101869,2026-06-17,Portal,C06,Raw materials,6.4,No,
INV101870,2026-06-18,EDI,C08,MRO,1.3,No,
INV101871,2026-06-18,Paper-scan,C12,Utilities,7.3,No,20
INV101872,2026-06-18,Portal,C04,Raw materials,6.1,No,
INV101873,2026-06-18,Email-PDF,C02,Utilities,5.1,No,15
INV101874,2026-06-18,Email-PDF,C03,Services,9.7,No,
INV101875,2026-06-18,Portal,C02,Raw materials,6.5,No,
INV101876,2026-06-18,Portal,C07,Services,8.0,No,
INV101877,2026-06-18,Portal,C08,Raw materials,3.2,No,
INV101878,2026-06-18,Portal,C03,Raw materials,4.0,No,
INV101879,2026-06-19,EDI,C01,Raw materials,2.1,No,20
INV101880,2026-06-19,Portal,C12,MRO,1.2,No,
INV101881,2026-06-19,Portal,C04,Utilities,6.0,No,11
INV101882,2026-06-19,Email-PDF,C09,Raw materials,7.9,No,
INV101883,2026-06-19,EDI,C01,Raw materials,1.8,No,
INV101884,2026-06-19,Email-PDF,C10,Utilities,6.0,No,
INV101885,2026-06-19,Portal,C04,Services,7.6,Yes,
INV101886,2026-06-19,Email-PDF,C02,Raw materials,8.0,No,
INV101887,2026-06-19,Email-PDF,C01,Raw materials,6.8,No,20
INV101888,2026-06-19,Portal,C05,MRO,2.6,No,20
INV101889,2026-06-19,Portal,C01,MRO,6.0,No,
INV101890,2026-06-22,Portal,C04,Utilities,3.4,No,
INV101891,2026-06-22,Paper-scan,C11,Utilities,8.5,No,
INV101892,2026-06-22,Email-PDF,C06,Freight,6.4,No,
INV101893,2026-06-22,Paper-scan,C04,Services,13.8,No,
INV101894,2026-06-22,Email-PDF,C02,Services,8.4,Yes,
INV101895,2026-06-22,Paper-scan,C02,Raw materials,8.9,No,
INV101896,2026-06-22,Email-PDF,C11,MRO,6.8,No,
INV101897,2026-06-22,Email-PDF,C11,MRO,7.1,Yes,
INV101898,2026-06-22,Email-PDF,C02,Raw materials,4.9,Yes,
INV101899,2026-06-22,Email-PDF,C11,Services,11.1,No,
INV101900,2026-06-22,EDI,C04,Freight,3.2,No,
INV101901,2026-06-22,Paper-scan,C06,MRO,10.6,No,
INV101902,2026-06-22,Email-PDF,C10,MRO,4.6,No,
INV101903,2026-06-22,Portal,C01,Raw materials,4.9,No,
INV101904,2026-06-22,Email-PDF,C09,MRO,5.7,No,
INV101905,2026-06-22,Paper-scan,C04,Raw materials,5.9,No,
INV101906,2026-06-23,Email-PDF,C10,Raw materials,6.7,No,
INV101907,2026-06-23,Portal,C09,Utilities,4.0,No,
INV101908,2026-06-23,Paper-scan,C04,Services,10.5,No,
INV101909,2026-06-23,Email-PDF,C11,Raw materials,6.3,No,
INV101910,2026-06-23,EDI,C07,Raw materials,1.8,No,
INV101911,2026-06-23,EDI,C06,Raw materials,2.7,No,
INV101912,2026-06-23,Paper-scan,C06,Raw materials,10.0,No,
INV101913,2026-06-23,Portal,C09,Utilities,4.4,No,
INV101914,2026-06-23,EDI,C12,Raw materials,1.8,No,
INV101915,2026-06-23,Portal,C07,Freight,2.7,No,
INV101916,2026-06-23,Portal,C01,MRO,4.1,No,
INV101917,2026-06-23,Email-PDF,C02,MRO,4.5,No,
INV101918,2026-06-23,Paper-scan,C05,MRO,7.7,No,
INV101919,2026-06-23,EDI,C05,MRO,2.8,No,
INV101920,2026-06-23,Portal,C12,Raw materials,2.9,No,
INV101921,2026-06-23,Email-PDF,C12,MRO,10.1,No,
INV101922,2026-06-24,EDI,C03,MRO,2.8,No,
INV101923,2026-06-24,Email-PDF,C08,Raw materials,10.3,No,
INV101924,2026-06-24,EDI,C11,Services,4.9,No,
INV101925,2026-06-24,Email-PDF,C07,Utilities,13.4,No,
INV101926,2026-06-24,EDI,C01,Freight,2.6,No,
INV101927,2026-06-24,Email-PDF,C07,Utilities,8.6,Yes,
INV101928,2026-06-24,Portal,C10,Services,6.1,No,
INV101929,2026-06-24,Portal,C06,Services,7.2,No,
INV101930,2026-06-24,Paper-scan,C05,Raw materials,9.9,No,
INV101931,2026-06-24,EDI,C01,Freight,2.6,No,
INV101932,2026-06-24,Portal,C04,Raw materials,3.2,No,
INV101933,2026-06-24,Email-PDF,C07,Freight,7.2,No,
INV101934,2026-06-24,Paper-scan,C09,Raw materials,8.1,No,
INV101935,2026-06-24,EDI,C11,Services,6.8,No,
INV101936,2026-06-24,Email-PDF,C10,Raw materials,5.2,No,
INV101937,2026-06-24,Paper-scan,C01,MRO,6.5,No,
INV101938,2026-06-24,Email-PDF,C12,Raw materials,6.5,No,
INV101939,2026-06-24,Email-PDF,C12,Utilities,9.7,No,
INV101940,2026-06-24,EDI,C04,Utilities,2.2,No,
INV101941,2026-06-24,Portal,C03,Freight,7.8,No,
INV101942,2026-06-25,Email-PDF,C06,Services,9.6,No,
INV101943,2026-06-25,Paper-scan,C05,Raw materials,6.1,No,
INV101944,2026-06-25,Paper-scan,C12,Raw materials,6.2,Yes,
INV101945,2026-06-25,Portal,C03,Raw materials,4.0,No,
INV101946,2026-06-25,Email-PDF,C08,Services,8.4,No,
INV101947,2026-06-25,Portal,C10,Freight,4.4,No,
INV101948,2026-06-25,Email-PDF,C04,Freight,9.0,No,
INV101949,2026-06-25,Email-PDF,C08,Utilities,5.1,No,
INV101950,2026-06-25,Portal,C11,Raw materials,3.3,No,
INV101951,2026-06-25,Portal,C04,Services,5.6,No,
INV101952,2026-06-25,Portal,C03,Services,8.4,No,
INV101953,2026-06-25,Email-PDF,C09,Freight,8.9,Yes,
INV101954,2026-06-25,Paper-scan,C02,MRO,4.5,No,
INV101955,2026-06-25,Portal,C02,Raw materials,4.4,No,
INV101956,2026-06-25,Email-PDF,C10,MRO,4.0,No,
INV101957,2026-06-25,Email-PDF,C11,MRO,8.6,No,
INV101958,2026-06-25,Paper-scan,C11,Raw materials,5.6,No,
INV101959,2026-06-25,Portal,C02,Services,5.5,No,
INV101960,2026-06-25,Email-PDF,C02,MRO,4.9,Yes,
INV101961,2026-06-25,Paper-scan,C07,Raw materials,5.6,No,
INV101962,2026-06-25,EDI,C02,MRO,1.4,No,
INV101963,2026-06-26,EDI,C12,Freight,4.5,No,
INV101964,2026-06-26,Email-PDF,C07,Raw materials,5.1,No,
INV101965,2026-06-26,Email-PDF,C09,Services,10.5,No,
INV101966,2026-06-26,EDI,C09,Services,6.7,No,
INV101967,2026-06-26,Portal,C05,Raw materials,4.2,No,
INV101968,2026-06-26,Paper-scan,C11,MRO,7.1,No,
INV101969,2026-06-26,Portal,C08,MRO,7.4,No,
INV101970,2026-06-26,Email-PDF,C10,Services,7.7,No,
INV101971,2026-06-26,EDI,C04,MRO,2.1,No,
INV101972,2026-06-26,Email-PDF,C11,MRO,6.4,No,
INV101973,2026-06-29,Portal,C05,MRO,3.2,No,
INV101974,2026-06-29,Portal,C02,Raw materials,2.5,No,
INV101975,2026-06-29,Email-PDF,C09,Utilities,10.3,Yes,
INV101976,2026-06-29,Portal,C12,Services,8.2,No,
INV101977,2026-06-29,Email-PDF,C01,Services,8.2,No,
INV101978,2026-06-29,EDI,C09,Raw materials,3.3,No,
INV101979,2026-06-29,EDI,C02,Freight,2.4,No,
INV101980,2026-06-29,Portal,C07,Raw materials,4.4,No,
INV101981,2026-06-29,Portal,C05,Services,7.2,Yes,
INV101982,2026-06-29,Paper-scan,C06,Services,6.6,No,
INV101983,2026-06-29,EDI,C01,Services,4.7,No,
INV101984,2026-06-29,Email-PDF,C10,Services,7.8,No,
INV101985,2026-06-29,Portal,C03,MRO,3.7,No,
INV101986,2026-06-29,Paper-scan,C06,Raw materials,10.9,No,
INV101987,2026-06-29,Portal,C10,Raw materials,3.1,No,
INV101988,2026-06-29,EDI,C09,MRO,1.8,No,
INV101989,2026-06-29,Email-PDF,C05,Services,6.3,No,
INV101990,2026-06-29,EDI,C04,Raw materials,1.8,No,
INV101991,2026-06-30,Portal,C10,Raw materials,3.4,No,
INV101992,2026-06-30,Email-PDF,C10,Services,8.3,No,
INV101993,2026-06-30,Portal,C12,MRO,3.4,No,
INV101994,2026-06-30,Portal,C12,MRO,3.0,No,
INV101995,2026-06-30,Email-PDF,C05,Raw materials,7.7,No,
INV101996,2026-06-30,EDI,C02,Services,5.8,No,
INV101997,2026-06-30,Portal,C03,Services,6.4,No,
INV101998,2026-06-30,Email-PDF,C11,Raw materials,8.6,No,
INV101999,2026-06-30,Portal,C10,Raw materials,3.6,No,
INV102000,2026-06-30,Portal,C07,Raw materials,3.8,No,
INV102001,2026-06-30,Email-PDF,C11,MRO,7.7,No,
INV102002,2026-06-30,EDI,C03,Services,4.2,No,
INV102003,2026-07-01,Paper-scan,C02,MRO,15.4,No,
INV102004,2026-07-01,EDI,C04,Freight,3.1,No,
INV102005,2026-07-01,Email-PDF,C04,Raw materials,6.2,No,
INV102006,2026-07-01,EDI,C03,Freight,7.8,No,
INV102007,2026-07-01,Paper-scan,C09,MRO,8.5,No,
INV102008,2026-07-01,Email-PDF,C03,Utilities,2.9,No,
INV102009,2026-07-01,Portal,C08,Services,3.0,No,
INV102010,2026-07-01,EDI,C04,MRO,1.6,No,
INV102011,2026-07-01,Portal,C05,Utilities,5.5,No,8
INV102012,2026-07-02,EDI,C07,Utilities,2.2,No,
INV102013,2026-07-02,EDI,C05,Services,9.2,No,
INV102014,2026-07-02,Portal,C07,Services,8.4,No,
INV102015,2026-07-02,Email-PDF,C12,MRO,4.1,No,
INV102016,2026-07-02,Email-PDF,C02,Raw materials,4.7,No,
INV102017,2026-07-02,Portal,C08,Utilities,4.6,No,
INV102018,2026-07-02,Portal,C02,Utilities,2.6,No,
INV102019,2026-07-02,EDI,C12,Raw materials,3.9,No,
INV102020,2026-07-02,Paper-scan,C11,MRO,7.6,No,
INV102021,2026-07-02,Email-PDF,C03,Raw materials,5.8,Yes,
INV102022,2026-07-02,EDI,C08,Raw materials,3.2,No,
INV102023,2026-07-02,Paper-scan,C04,MRO,7.3,No,
INV102024,2026-07-02,EDI,C11,Raw materials,1.9,No,
INV102025,2026-07-02,Email-PDF,C06,MRO,4.4,No,
INV102026,2026-07-02,Email-PDF,C04,MRO,5.4,Yes,
INV102027,2026-07-02,Email-PDF,C01,Raw materials,4.0,Yes,
INV102028,2026-07-02,EDI,C09,Raw materials,1.9,No,
INV102029,2026-07-02,EDI,C11,Raw materials,1.6,No,
INV102030,2026-07-02,Portal,C02,Freight,8.1,No,
INV102031,2026-07-02,Email-PDF,C01,MRO,6.2,No,
INV102032,2026-07-03,Email-PDF,C12,Freight,6.3,No,
INV102033,2026-07-03,Portal,C12,Services,5.4,No,
INV102034,2026-07-03,Email-PDF,C07,MRO,6.3,No,
INV102035,2026-07-03,Email-PDF,C10,Raw materials,5.5,Yes,
INV102036,2026-07-03,Email-PDF,C08,MRO,3.6,No,
INV102037,2026-07-03,Portal,C08,MRO,6.5,No,
INV102038,2026-07-03,Portal,C10,MRO,3.5,No,
INV102039,2026-07-03,Paper-scan,C05,MRO,6.3,No,
INV102040,2026-07-03,Portal,C11,Services,8.7,Yes,
INV102041,2026-07-03,Paper-scan,C02,Raw materials,7.9,No,
INV102042,2026-07-03,Portal,C11,MRO,3.2,No,
INV102043,2026-07-03,Portal,C11,MRO,3.1,No,
INV102044,2026-07-03,Email-PDF,C11,Raw materials,5.9,No,
INV102045,2026-07-03,EDI,C06,Services,6.4,No,
INV102046,2026-07-03,Paper-scan,C02,MRO,7.5,No,
INV102047,2026-07-03,Email-PDF,C04,Freight,9.8,Yes,
INV102048,2026-07-03,Portal,C10,Services,3.4,No,
INV102049,2026-07-03,Paper-scan,C10,Freight,7.2,No,
INV102050,2026-07-03,Portal,C01,Services,5.2,Yes,
INV102051,2026-07-03,Portal,C09,Services,5.4,No,
INV102052,2026-07-03,Paper-scan,C07,Freight,8.0,No,
